2026-09-07T02:18:10.937000Z,-0.1806581169366836,2.8522446155548096,9.479166984558104
2026-09-07T02:18:10.946000Z,-0.1806581169366836,2.8522446155548096,9.479166984558104
2026-09-07T02:18:11.964000Z,4.801198482513428,2.779263496398926,7.83410120010376
2026-09-07T02:18:11.966000Z,4.801198482513428,2.779263496398926,7.83410120010376
2026-09-07T02:18:12.965000Z,4.217350006103516,2.2791635990142822,8.33300495147705
2026-09-07T02:18:13.969000Z,3.882354736328125,1.6773686408996582,9.1716890335083
2026-09-07T02:18:13.970000Z,3.882354736328125,1.6773686408996582,9.1716890335083
2026-09-07T02:18:14.974000Z,3.5270206928253174,2.7840490341186523,9.089137077331545
2026-09-07T02:18:14.975000Z,3.5270206928253174,2.7840490341186523,9.089137077331545
2026-09-07T02:18:15.993000Z,3.1381869316101074,2.7517459392547607,9.08554744720459
2026-09-07T02:18:15.994000Z,3.1381869316101074,2.7517459392547607,9.08554744720459
2026-09-07T02:18:16.995000Z,2.438286304473877,3.067598581314087,9.24825954437256
2026-09-07T02:18:16.996000Z,2.438286304473877,3.067598581314087,9.24825954437256
2026-09-07T02:18:17.997000Z,2.737389087677002,2.9479575157165527,8.967103004455566
2026-09-07T02:18:18.999000Z,1.877169370651245,3.2470602989196777,9.156135559082031
2026-09-07T02:18:19Z,1.877169370651245,3.2470602989196777,9.156135559082031
2026-09-07T02:18:19.999000Z,3.511467218399048,3.0005996227264404,8.768498420715332
2026-09-07T02:18:20Z,3.511467218399048,3.0005996227264404,8.768498420715332
2026-09-07T02:18:21.004000Z,0.1495514214038849,3.231507062911988,9.4061861038208
2026-09-07T02:18:21.005000Z,0.1495514214038849,3.231507062911988,9.4061861038208
2026-09-07T02:18:22.001000Z,3.0999016761779785,3.394218921661377,8.543573379516602
2026-09-07T02:18:22.003000Z,3.0999016761779785,3.394218921661377,8.543573379516602
2026-09-07T02:18:23.002000Z,0.6089733839035034,1.2023934125900269,10.717453002929688
2026-09-07T02:18:23.003000Z,0.6089733839035034,1.2023934125900269,10.717453002929688
2026-09-07T02:18:24.011000Z,-2.772084951400757,0.2727817893028259,8.196614265441895
2026-09-07T02:18:24.012000Z,-2.772084951400757,0.2727817893028259,8.196614265441895
2026-09-07T02:18:25.005000Z,-3.3619158267974854,0.2392822653055191,8.646464347839355
2026-09-07T02:18:25.006000Z,-3.3619158267974854,0.2392822653055191,8.646464347839355
2026-09-07T02:18:26.007000Z,-2.788834810256958,1.3076776266098022,7.168896675109863
2026-09-07T02:18:27.012000Z,1.025324463844299,2.506481647491455,9.857233047485352
2026-09-07T02:18:27.013000Z,1.025324463844299,2.506481647491455,9.857233047485352
2026-09-07T02:18:28.009000Z,2.1164517402648926,2.919243574142456,9.538987159729004
2026-09-07T02:18:28.010000Z,2.1164517402648926,2.919243574142456,9.538987159729004
2026-09-07T02:18:29.010000Z,2.093719720840454,3.034099102020264,9.075976371765137
2026-09-07T02:18:29.011000Z,2.093719720840454,3.034099102020264,9.075976371765137
2026-09-07T02:18:30.011000Z,2.0829520225524902,3.105883836746216,9.146564483642578
2026-09-07T02:18:30.013000Z,2.0829520225524902,3.105883836746216,9.146564483642578
2026-09-07T02:18:31.013000Z,2.147558212280273,3.1752755641937256,9.145368576049805
2026-09-07T02:18:31.014000Z,2.147558212280273,3.1752755641937256,9.145368576049805
2026-09-07T02:18:32.014000Z,2.0865414142608643,3.126222848892212,9.199206352233888
2026-09-07T02:18:32.015000Z,2.0865414142608643,3.126222848892212,9.199206352233888
2026-09-07T02:18:33.017000Z,2.231307029724121,2.4502503871917725,10.435099601745604
2026-09-07T02:18:33.018000Z,2.231307029724121,2.4502503871917725,10.435099601745604
2026-09-07T02:18:34.022000Z,1.968096613883972,2.8941190242767334,9.241081237792969
2026-09-07T02:18:34.024000Z,1.968096613883972,2.8941190242767334,9.241081237792969
2026-09-07T02:18:35.036000Z,1.3280165195465088,3.961317777633667,9.205188751220703
2026-09-07T02:18:35.039000Z,1.3280165195465088,3.961317777633667,9.205188751220703
2026-09-07T02:18:36.026000Z,1.6390835046768188,-0.5814558863639832,8.965906143188477
2026-09-07T02:18:36.027000Z,1.6390835046768188,-0.5814558863639832,8.965906143188477
2026-09-07T02:18:37.026000Z,1.6103696823120115,-0.6065805554389954,9.80219841003418
2026-09-07T02:18:37.027000Z,1.6103696823120115,-0.6065805554389954,9.80219841003418
2026-09-07T02:18:38.021000Z,1.597209095954895,-0.5934200286865234,9.832108497619627
2026-09-07T02:18:38.022000Z,1.597209095954895,-0.5934200286865234,9.832108497619627
2026-09-07T02:18:39.025000Z,1.5720844268798828,-0.5802595019340515,9.83928680419922
2026-09-07T02:18:39.026000Z,1.5720844268798828,-0.5802595019340515,9.83928680419922
2026-09-07T02:18:40.027000Z,1.5696916580200195,-0.589830756187439,9.844072341918944
2026-09-07T02:18:41.025000Z,1.568495273590088,-0.589830756187439,9.826126098632812
2026-09-07T02:18:41.026000Z,1.568495273590088,-0.589830756187439,9.826126098632812
2026-09-07T02:18:42.034000Z,1.566102385520935,-0.5670989751815796,9.83928680419922
2026-09-07T02:18:43.039000Z,1.557727575302124,-0.5706881880760193,9.836894035339355
2026-09-07T02:18:43.040000Z,1.557727575302124,-0.5706881880760193,9.836894035339355
2026-09-07T02:18:44.052000Z,1.5469598770141602,-0.5730810165405273,9.832108497619627
2026-09-07T02:18:44.055000Z,1.5469598770141602,-0.5730810165405273,9.832108497619627
2026-09-07T02:18:45.047000Z,1.5397813320159912,-0.5802595019340515,9.83091163635254
2026-09-07T02:18:45.048000Z,1.5397813320159912,-0.5802595019340515,9.83091163635254
2026-09-07T02:18:46.048000Z,1.5302101373672483,-0.5730810165405273,9.821340560913086
2026-09-07T02:18:46.049000Z,1.5302101373672483,-0.5730810165405273,9.821340560913086
2026-09-07T02:18:47.063000Z,1.5337992906570437,-0.5647061467170715,9.821340560913086
2026-09-07T02:18:47.064000Z,1.5337992906570437,-0.5647061467170715,9.821340560913086
2026-09-07T02:18:48.061000Z,1.5278172492980957,-0.5587241053581238,9.81655502319336
2026-09-07T02:18:48.062000Z,1.5278172492980957,-0.5587241053581238,9.81655502319336
2026-09-07T02:18:49.070000Z,1.5182459354400637,-0.5694918036460876,9.81535816192627
2026-09-07T02:18:49.071000Z,1.5182459354400637,-0.5694918036460876,9.81535816192627
2026-09-07T02:18:50.086000Z,1.5254244804382324,-0.5730810165405273,9.814162254333496
2026-09-07T02:18:50.087000Z,1.5254244804382324,-0.5730810165405273,9.814162254333496
2026-09-07T02:18:51.090000Z,1.5278172492980957,-0.5587241053581238,9.828518867492676
2026-09-07T02:18:51.091000Z,1.5278172492980957,-0.5587241053581238,9.828518867492676
2026-09-07T02:18:52.091000Z,1.4297115802764893,-0.5240281820297241,9.868000984191896
2026-09-07T02:18:52.092000Z,1.4297115802764893,-0.5240281820297241,9.868000984191896
2026-09-07T02:18:53.091000Z,2.281556367874145,0.1890329867601394,8.673981666564941
2026-09-07T02:18:53.092000Z,2.281556367874145,0.1890329867601394,8.673981666564941
2026-09-07T02:18:54.094000Z,2.2480568885803223,-1.1665010452270508,10.918449401855469
2026-09-07T02:18:54.095000Z,2.2480568885803223,-1.1665010452270508,10.918449401855469
2026-09-07T02:18:55.094000Z,1.905883193016052,-0.7010970115661621,9.704092025756836
2026-09-07T02:18:55.095000Z,1.905883193016052,-0.7010970115661621,9.704092025756836
2026-09-07T02:18:56.097000Z,0.7836494445800781,1.4081761837005615,9.742377281188965
2026-09-07T02:18:56.098000Z,0.7836494445800781,1.4081761837005615,9.742377281188965
2026-09-07T02:18:57.102000Z,0.991824984550476,1.3208380937576294,9.77826976776123
2026-09-07T02:18:57.104000Z,0.991824984550476,1.3208380937576294,9.77826976776123
2026-09-07T02:18:58.111000Z,1.1150553226470947,1.301695466041565,9.791430473327637
2026-09-07T02:18:58.112000Z,1.1150553226470947,1.301695466041565,9.791430473327637
2026-09-07T02:18:59.112000Z,1.1270195245742798,1.3112667798995972,9.78664493560791
2026-09-07T02:18:59.113000Z,1.1270195245742798,1.3112667798995972,9.78664493560791
2026-09-07T02:19:00.111000Z,1.109073281288147,1.2957134246826172,9.779465675354004
2026-09-07T02:19:01.109000Z,1.123430252075195,1.306481122970581,9.756733894348145
2026-09-07T02:19:01.110000Z,1.123430252075195,1.306481122970581,9.756733894348145
2026-09-07T02:19:02.111000Z,1.1174482107162476,1.302891969680786,9.76989459991455
2026-09-07T02:19:02.112000Z,1.1174482107162476,1.302891969680786,9.76989459991455
2026-09-07T02:19:03.113000Z,1.123430252075195,1.3160524368286133,9.755537986755373
2026-09-07T02:19:03.114000Z,1.123430252075195,1.3160524368286133,9.755537986755373
2026-09-07T02:19:04.112000Z,1.1270195245742798,1.3004990816116333,9.749555587768556
2026-09-07T02:19:04.113000Z,1.1270195245742798,1.3004990816116333,9.749555587768556
2026-09-07T02:19:05.115000Z,1.1258230209350586,1.3040883541107178,9.749555587768556
2026-09-07T02:19:06.117000Z,1.124626636505127,1.3304094076156616,9.734002113342283
2026-09-07T02:19:07.115000Z,1.1198409795761108,1.3316057920455933,9.731609344482422
2026-09-07T02:19:07.116000Z,1.1198409795761108,1.3316057920455933,9.731609344482422
2026-09-07T02:19:08.117000Z,1.123430252075195,1.3160524368286133,9.739984512329102
2026-09-07T02:19:08.118000Z,1.123430252075195,1.3160524368286133,9.739984512329102
2026-09-07T02:19:09.127000Z,1.1198409795761108,1.3268201351165771,9.725627899169922
2026-09-07T02:19:09.128000Z,1.1198409795761108,1.3268201351165771,9.725627899169922
2026-09-07T02:19:10.128000Z,1.123430252075195,1.2861422300338743,9.719645500183104
2026-09-07T02:19:10.129000Z,1.123430252075195,1.2861422300338743,9.719645500183104
2026-09-07T02:19:11.132000Z,-5.674578666687012,-4.517649173736572,5.849255084991455
2026-09-07T02:19:11.133000Z,-5.674578666687012,-4.517649173736572,5.849255084991455
2026-09-07T02:19:12.130000Z,2.3198416233062744,6.562315940856934,6.3254265785217285
2026-09-07T02:19:13.137000Z,-2.201396942138672,2.853440999984741,9.467203140258787
2026-09-07T02:19:13.138000Z,-2.201396942138672,2.853440999984741,9.467203140258787
2026-09-07T02:19:14.140000Z,-2.628515720367432,-8.258827209472656,3.686143398284912
2026-09-07T02:19:14.141000Z,-2.628515720367432,-8.258827209472656,3.686143398284912
2026-09-07T02:19:15.134000Z,1.0552347898483276,3.1238300800323486,12.634103775024414
2026-09-07T02:19:15.135000Z,1.0552347898483276,3.1238300800323486,12.634103775024414
2026-09-07T02:19:16.135000Z,-1.1306086778640747,-0.4941178858280182,11.63510036468506
2026-09-07T02:19:16.136000Z,-1.1306086778640747,-0.4941178858280182,11.63510036468506
2026-09-07T02:19:17.142000Z,4.689932346343994,-1.1473584175109863,8.288737297058105
2026-09-07T02:19:18.139000Z,5.070391178131104,-1.246660590171814,8.365307807922363
2026-09-07T02:19:18.140000Z,5.070391178131104,-1.246660590171814,8.365307807922363
2026-09-07T02:19:19.142000Z,4.776073932647705,-1.2526426315307615,8.498109817504883
2026-09-07T02:19:20.144000Z,4.82751989364624,-1.2131611108779907,8.496912956237793
2026-09-07T02:19:20.149000Z,4.82751989364624,-1.2131611108779907,8.496912956237793
2026-09-07T02:19:21.142000Z,4.826323509216309,-1.226321578025818,8.46461009979248
2026-09-07T02:19:21.143000Z,4.826323509216309,-1.226321578025818,8.46461009979248
2026-09-07T02:19:22.144000Z,4.833501815795898,-1.22033953666687,8.49452018737793
2026-09-07T02:19:22.145000Z,4.833501815795898,-1.22033953666687,8.49452018737793
2026-09-07T02:19:23.145000Z,4.82751989364624,-1.2191431522369385,8.48734188079834
2026-09-07T02:19:23.146000Z,4.82751989364624,-1.2191431522369385,8.48734188079834
2026-09-07T02:19:24.149000Z,4.8191447257995605,-1.215553879737854,8.496912956237793
2026-09-07T02:19:24.150000Z,4.8191447257995605,-1.215553879737854,8.496912956237793
2026-09-07T02:19:25.152000Z,4.825126647949219,-1.215553879737854,8.493324279785156
2026-09-07T02:19:25.153000Z,4.825126647949219,-1.215553879737854,8.493324279785156
2026-09-07T02:19:26.151000Z,4.814359188079834,-1.215553879737854,8.482556343078613
2026-09-07T02:19:27.149000Z,4.820341110229492,-1.215553879737854,8.517251968383789
2026-09-07T02:19:27.150000Z,4.820341110229492,-1.215553879737854,8.517251968383789
2026-09-07T02:19:28.152000Z,4.820341110229492,-1.22033953666687,8.499305725097656
2026-09-07T02:19:28.153000Z,4.820341110229492,-1.22033953666687,8.499305725097656
2026-09-07T02:19:29.152000Z,4.813162803649902,-1.211964726448059,8.496912956237793
2026-09-07T02:19:29.153000Z,4.813162803649902,-1.211964726448059,8.496912956237793
2026-09-07T02:19:30.153000Z,4.8191447257995605,-1.2215359210968018,8.506484031677246
2026-09-07T02:19:30.155000Z,4.8191447257995605,-1.2215359210968018,8.506484031677246
2026-09-07T02:19:31.155000Z,6.135197162628174,-1.714457392692566,9.381061553955078
2026-09-07T02:19:31.156000Z,6.135197162628174,-1.714457392692566,9.381061553955078
2026-09-07T02:19:32.157000Z,-4.150351047515869,3.680161237716675,7.941778182983398
2026-09-07T02:19:33.186000Z,2.262413740158081,-5.168497085571289,6.3122663497924805
2026-09-07T02:19:33.187000Z,2.262413740158081,-5.168497085571289,6.3122663497924805
2026-09-07T02:19:34.169000Z,3.9732820987701416,3.243471145629883,14.879767417907717
2026-09-07T02:19:34.170000Z,3.9732820987701416,3.243471145629883,14.879767417907717
2026-09-07T02:19:35.175000Z,-8.227720260620117,-1.4679967164993286,6.067001819610596
2026-09-07T02:19:35.176000Z,-8.227720260620117,-1.4679967164993286,6.067001819610596
2026-09-07T02:19:36.176000Z,2.5950162410736084,2.781656265258789,9.833304405212402
2026-09-07T02:19:36.177000Z,2.5950162410736084,2.781656265258789,9.833304405212402
2026-09-07T02:19:37.175000Z,-2.132004976272583,-6.4079790115356445,7.631907939910889
2026-09-07T02:19:37.177000Z,-2.132004976272583,-6.4079790115356445,7.631907939910889
2026-09-07T02:19:38.172000Z,7.222734928131103,5.606383323669434,5.734399318695068
2026-09-07T02:19:38.175000Z,7.222734928131103,5.606383323669434,5.734399318695068
2026-09-07T02:19:39.176000Z,-7.39142894744873,0.12921242415905,9.615557670593262
2026-09-07T02:19:39.177000Z,-7.39142894744873,0.12921242415905,9.615557670593262
2026-09-07T02:19:40.182000Z,0.0526420995593071,4.455435752868652,9.361918449401855
2026-09-07T02:19:40.184000Z,0.0526420995593071,4.455435752868652,9.361918449401855
2026-09-07T02:19:41.184000Z,-0.4378865361213684,4.749752998352051,8.583054542541504
2026-09-07T02:19:41.185000Z,-0.4378865361213684,4.749752998352051,8.583054542541504
2026-09-07T02:19:42.184000Z,-1.1521440744400024,4.951946258544922,8.287541389465332
2026-09-07T02:19:42.185000Z,-1.1521440744400024,4.951946258544922,8.287541389465332
2026-09-07T02:19:43.191000Z,-0.9463613629341124,4.535595417022705,8.612964630126953
2026-09-07T02:19:43.193000Z,-0.9463613629341124,4.535595417022705,8.612964630126953
2026-09-07T02:19:44.192000Z,-1.1162517070770264,4.319045066833496,8.756534576416016
2026-09-07T02:19:44.193000Z,-1.1162517070770264,4.319045066833496,8.756534576416016
2026-09-07T02:19:45.193000Z,-1.3208380937576294,3.710071563720703,8.96949577331543
2026-09-07T02:19:45.194000Z,-1.3208380937576294,3.710071563720703,8.96949577331543
2026-09-07T02:19:46.230000Z,-1.9896320104599,4.279563426971436,8.622536659240723
2026-09-07T02:19:46.233000Z,-1.9896320104599,4.279563426971436,8.622536659240723
2026-09-07T02:19:47.231000Z,-1.3962119817733765,2.770888566970825,9.757930755615234
2026-09-07T02:19:47.232000Z,-1.3962119817733765,2.770888566970825,9.757930755615234
2026-09-07T02:21:13.771000Z,0.2524427771568298,2.878565549850464,9.56770133972168
2026-09-07T02:21:13.773000Z,0.2524427771568298,2.878565549850464,9.56770133972168
2026-09-07T02:21:13.774000Z,0.2524427771568298,2.878565549850464,9.56770133972168
2026-09-07T02:21:14.781000Z,1.7982062101364136,2.3509483337402344,9.23390293121338
2026-09-07T02:21:14.783000Z,1.7982062101364136,2.3509483337402344,9.23390293121338
2026-09-07T02:21:14.785000Z,1.7982062101364136,2.3509483337402344,9.23390293121338
2026-09-07T02:21:15.783000Z,0.9188438653945924,2.410768747329712,9.294919967651367
2026-09-07T02:21:15.784000Z,0.9188438653945924,2.410768747329712,9.294919967651367
2026-09-07T02:21:15.785000Z,0.9188438653945924,2.410768747329712,9.294919967651367
2026-09-07T02:21:16.783000Z,1.2083754539489746,2.139183521270752,9.473184585571287
2026-09-07T02:21:16.785000Z,1.2083754539489746,2.139183521270752,9.473184585571287
2026-09-07T02:21:16.787000Z,1.2083754539489746,2.139183521270752,9.473184585571287
2026-09-07T02:21:17.793000Z,1.0109676122665403,2.1583259105682373,9.08554744720459
2026-09-07T02:21:17.794000Z,1.0109676122665403,2.1583259105682373,9.08554744720459
2026-09-07T02:21:17.796000Z,1.0109676122665403,2.1583259105682373,9.08554744720459
2026-09-07T02:21:18.793000Z,1.4763715267181396,2.636890649795532,9.32602596282959
2026-09-07T02:21:18.794000Z,1.4763715267181396,2.636890649795532,9.32602596282959
2026-09-07T02:21:18.796000Z,1.4763715267181396,2.636890649795532,9.32602596282959
2026-09-07T02:21:19.794000Z,0.7836494445800781,2.7601208686828613,8.593822479248047
2026-09-07T02:21:19.796000Z,0.7836494445800781,2.7601208686828613,8.593822479248047
2026-09-07T02:21:19.797000Z,0.7836494445800781,2.7601208686828613,8.593822479248047
2026-09-07T02:21:20.815000Z,1.8508483171463013,1.176072359085083,7.887939929962158
2026-09-07T02:21:20.818000Z,1.8508483171463013,1.176072359085083,7.887939929962158
2026-09-07T02:21:20.820000Z,1.8508483171463013,1.176072359085083,7.887939929962158
2026-09-07T02:21:21.815000Z,1.0348957777023315,0.0681954473257064,9.724431037902832
2026-09-07T02:21:21.817000Z,1.0348957777023315,0.0681954473257064,9.724431037902832
2026-09-07T02:21:21.820000Z,1.0348957777023315,0.0681954473257064,9.724431037902832
2026-09-07T02:21:22.816000Z,1.0995019674301147,0.0765703245997428,9.773484230041504
2026-09-07T02:21:22.818000Z,1.0995019674301147,0.0765703245997428,9.773484230041504
2026-09-07T02:21:22.820000Z,1.0995019674301147,0.0765703245997428,9.773484230041504
2026-09-07T02:21:23.817000Z,1.1126625537872314,0.0861416161060333,9.768698692321776
2026-09-07T02:21:23.819000Z,1.1126625537872314,0.0861416161060333,9.768698692321776
2026-09-07T02:21:23.821000Z,1.1126625537872314,0.0861416161060333,9.768698692321776
2026-09-07T02:21:24.819000Z,1.1126625537872314,0.0861416161060333,9.768698692321776
2026-09-07T02:21:24.821000Z,1.1126625537872314,0.0861416161060333,9.768698692321776
2026-09-07T02:21:24.824000Z,1.1126625537872314,0.0861416161060333,9.768698692321776
2026-09-07T02:21:25.819000Z,1.124626636505127,0.0897308513522148,9.76271629333496
2026-09-07T02:21:25.823000Z,1.124626636505127,0.0897308513522148,9.76271629333496
2026-09-07T02:21:25.825000Z,1.124626636505127,0.0897308513522148,9.76271629333496
2026-09-07T02:21:26.822000Z,1.123430252075195,0.0741775035858154,9.728020668029783
2026-09-07T02:21:26.825000Z,1.123430252075195,0.0741775035858154,9.728020668029783
2026-09-07T02:21:26.828000Z,1.123430252075195,0.0741775035858154,9.728020668029783
2026-09-07T02:21:27.822000Z,1.1198409795761108,0.0789631456136703,9.747162818908691
2026-09-07T02:21:27.825000Z,1.1198409795761108,0.0789631456136703,9.747162818908691
2026-09-07T02:21:27.827000Z,1.1198409795761108,0.0789631456136703,9.747162818908691
2026-09-07T02:21:28.824000Z,1.1330015659332275,0.0813559666275978,9.737591743469238
2026-09-07T02:21:28.826000Z,1.1330015659332275,0.0813559666275978,9.737591743469238
2026-09-07T02:21:28.828000Z,1.1330015659332275,0.0813559666275978,9.737591743469238
2026-09-07T02:21:29.825000Z,1.1437692642211914,0.0921236723661422,9.757930755615234
2026-09-07T02:21:29.827000Z,1.1437692642211914,0.0921236723661422,9.757930755615234
2026-09-07T02:21:29.829000Z,1.1437692642211914,0.0921236723661422,9.757930755615234
2026-09-07T02:21:30.828000Z,1.123430252075195,0.0921236723661422,9.725627899169922
2026-09-07T02:21:30.830000Z,1.123430252075195,0.0921236723661422,9.725627899169922
2026-09-07T02:21:30.832000Z,1.123430252075195,0.0921236723661422,9.725627899169922
2026-09-07T02:21:31.829000Z,1.113858938217163,0.0825523808598518,9.183652877807615
2026-09-07T02:21:31.832000Z,1.113858938217163,0.0825523808598518,9.183652877807615
2026-09-07T02:21:31.834000Z,1.113858938217163,0.0825523808598518,9.183652877807615
2026-09-07T02:21:32.830000Z,6.113661766052246,-0.6496513485908508,7.688138961791992
2026-09-07T02:21:32.833000Z,6.113661766052246,-0.6496513485908508,7.688138961791992
2026-09-07T02:21:32.836000Z,6.113661766052246,-0.6496513485908508,7.688138961791992
2026-09-07T02:21:33.829000Z,0.6604190468788147,3.669393539428711,8.755337715148926
2026-09-07T02:21:33.831000Z,0.6604190468788147,3.669393539428711,8.755337715148926
2026-09-07T02:21:33.834000Z,0.6604190468788147,3.669393539428711,8.755337715148926
2026-09-07T02:21:34.868000Z,2.4885356426239014,4.304687976837158,9.097511291503906
2026-09-07T02:21:34.870000Z,2.4885356426239014,4.304687976837158,9.097511291503906
2026-09-07T02:21:34.873000Z,2.4885356426239014,4.304687976837158,9.097511291503906
2026-09-07T02:21:35.867000Z,3.662214994430542,2.396411895751953,8.652446746826172
2026-09-07T02:21:35.868000Z,3.662214994430542,2.396411895751953,8.652446746826172
2026-09-07T02:21:35.870000Z,3.662214994430542,2.396411895751953,8.652446746826172
2026-09-07T02:24:43.952000Z,-6.089733600616455,4.493721008300781,6.324230194091797
2026-09-07T02:24:43.953000Z,-6.089733600616455,4.493721008300781,6.324230194091797
2026-09-07T02:24:43.954000Z,-6.089733600616455,4.493721008300781,6.324230194091797
2026-09-07T02:24:44.954000Z,-4.524827480316162,4.3896331787109375,7.636693477630615
2026-09-07T02:24:44.955000Z,-4.524827480316162,4.3896331787109375,7.636693477630615
2026-09-07T02:24:45.962000Z,-4.64805793762207,4.443471431732178,7.465606689453125
2026-09-07T02:24:45.963000Z,-4.64805793762207,4.443471431732178,7.465606689453125
2026-09-07T02:24:45.964000Z,-4.64805793762207,4.443471431732178,7.465606689453125
2026-09-07T02:24:46.957000Z,-2.884547710418701,3.573680639266968,9.597611427307127
2026-09-07T02:24:46.958000Z,-2.884547710418701,3.573680639266968,9.597611427307127
2026-09-07T02:24:47.958000Z,3.528217077255249,4.567898273468018,8.677571296691895
2026-09-07T02:24:47.959000Z,3.528217077255249,4.567898273468018,8.677571296691895
2026-09-07T02:24:48.960000Z,-3.3128628730773926,3.881158351898194,8.61894702911377
2026-09-07T02:24:48.961000Z,-3.3128628730773926,3.881158351898194,8.61894702911377
2026-09-07T02:24:48.962000Z,-3.3128628730773926,3.881158351898194,8.61894702911377
2026-09-07T02:24:49.961000Z,-3.127419233322144,3.7639100551605225,8.629714965820312
2026-09-07T02:24:49.962000Z,-3.127419233322144,3.7639100551605225,8.629714965820312
2026-09-07T02:24:50.962000Z,-1.7587246894836426,-3.394218921661377,10.559526443481444
2026-09-07T02:24:50.963000Z,-1.7587246894836426,-3.394218921661377,10.559526443481444
2026-09-07T02:24:50.964000Z,-1.7587246894836426,-3.394218921661377,10.559526443481444
2026-09-07T02:24:51.968000Z,-2.65005111694336,-9.183652877807615,6.39721155166626
2026-09-07T02:24:51.969000Z,-2.65005111694336,-9.183652877807615,6.39721155166626
2026-09-07T02:24:51.970000Z,-2.65005111694336,-9.183652877807615,6.39721155166626
2026-09-07T02:24:52.980000Z,4.486542224884033,-7.306483745574951,12.35055446624756
2026-09-07T02:24:52.982000Z,4.486542224884033,-7.306483745574951,12.35055446624756
2026-09-07T02:24:52.983000Z,4.486542224884033,-7.306483745574951,12.35055446624756
2026-09-07T02:24:53.983000Z,2.8725836277008057,6.209374904632568,7.080362319946289
2026-09-07T02:24:53.984000Z,2.8725836277008057,6.209374904632568,7.080362319946289
2026-09-07T02:24:54.987000Z,-4.369294166564941,7.325626373291016,-1.6247265338897705
2026-09-07T02:24:54.988000Z,-4.369294166564941,7.325626373291016,-1.6247265338897705
2026-09-07T02:24:55.986000Z,-7.045666217803955,14.012369155883787,-2.4299113750457764
2026-09-07T02:24:55.987000Z,-7.045666217803955,14.012369155883787,-2.4299113750457764
2026-09-07T02:24:55.988000Z,-7.045666217803955,14.012369155883787,-2.4299113750457764
2026-09-07T02:24:56.987000Z,-9.337990760803224,2.775674343109131,4.309473514556885
2026-09-07T02:24:56.988000Z,-9.337990760803224,2.775674343109131,4.309473514556885
2026-09-07T02:24:56.989000Z,-9.337990760803224,2.775674343109131,4.309473514556885
2026-09-07T02:24:57.990000Z,-4.277170658111572,2.495713949203491,5.889933109283447
2026-09-07T02:24:57.991000Z,-4.277170658111572,2.495713949203491,5.889933109283447
2026-09-07T02:24:57.992000Z,-4.277170658111572,2.495713949203491,5.889933109283447
2026-09-07T02:24:58.996000Z,-4.633700847625732,7.402196884155273,4.521238327026367
2026-09-07T02:24:58.997000Z,-4.633700847625732,7.402196884155273,4.521238327026367
2026-09-07T02:24:58.998000Z,-4.633700847625732,7.402196884155273,4.521238327026367
2026-09-07T02:24:59.990000Z,-2.788834810256958,8.352147102355957,4.253242015838623
2026-09-07T02:24:59.991000Z,-2.788834810256958,8.352147102355957,4.253242015838623
2026-09-07T02:24:59.992000Z,-2.788834810256958,8.352147102355957,4.253242015838623
2026-09-07T02:25:00.993000Z,-4.30588436126709,7.8628153800964355,4.374079704284668
2026-09-07T02:25:00.994000Z,-4.30588436126709,7.8628153800964355,4.374079704284668
2026-09-07T02:25:02.006000Z,-3.964907169342041,7.424928665161133,3.749552965164185
2026-09-07T02:25:02.007000Z,-3.964907169342041,7.424928665161133,3.749552965164185
2026-09-07T02:25:03.008000Z,4.161118507385254,7.47637414932251,3.729214191436768
2026-09-07T02:25:03.009000Z,4.161118507385254,7.47637414932251,3.729214191436768
2026-09-07T02:25:03.010000Z,4.161118507385254,7.47637414932251,3.729214191436768
2026-09-07T02:25:04.004000Z,1.2801600694656372,8.413164138793945,-6.034698486328125
2026-09-07T02:25:04.005000Z,1.2801600694656372,8.413164138793945,-6.034698486328125
2026-09-07T02:25:05.012000Z,1.4931213855743408,7.417750358581543,6.014359951019287
2026-09-07T02:25:05.013000Z,1.4931213855743408,7.417750358581543,6.014359951019287
2026-09-07T02:25:06.013000Z,1.373480200767517,7.993224143981934,5.282155990600586
2026-09-07T02:25:06.014000Z,1.373480200767517,7.993224143981934,5.282155990600586
2026-09-07T02:25:06.015000Z,1.373480200767517,7.993224143981934,5.282155990600586
2026-09-07T02:25:07.010000Z,-5.648257732391357,-5.0356950759887695,8.282755851745605
2026-09-07T02:25:07.011000Z,-5.648257732391357,-5.0356950759887695,8.282755851745605
2026-09-07T02:25:07.012000Z,-5.648257732391357,-5.0356950759887695,8.282755851745605
2026-09-07T02:25:08.009000Z,-1.8831514120101929,1.9716858863830569,1.755135416984558
2026-09-07T02:25:08.010000Z,-1.8831514120101929,1.9716858863830569,1.755135416984558
2026-09-07T02:25:08.011000Z,-1.8831514120101929,1.9716858863830569,1.755135416984558
2026-09-07T02:25:09.011000Z,3.230310678482056,3.1788649559021,11.625529289245604
2026-09-07T02:25:09.012000Z,3.230310678482056,3.1788649559021,11.625529289245604
2026-09-07T02:25:10.018000Z,-1.0683952569961548,-7.720442295074463,11.832508087158203
2026-09-07T02:25:10.019000Z,-1.0683952569961548,-7.720442295074463,11.832508087158203
2026-09-07T02:25:10.020000Z,-1.0683952569961548,-7.720442295074463,11.832508087158203
2026-09-07T02:25:11.020000Z,-2.311466693878174,7.397411346435547,6.138786315917969
2026-09-07T02:25:11.021000Z,-2.311466693878174,7.397411346435547,6.138786315917969
2026-09-07T02:25:11.022000Z,-2.311466693878174,7.397411346435547,6.138786315917969
2026-09-07T02:25:12.025000Z,-1.5098711252212524,-0.2572284340858459,9.497113227844238
2026-09-07T02:25:12.026000Z,-1.5098711252212524,-0.2572284340858459,9.497113227844238
2026-09-07T02:25:13.019000Z,-1.8747764825820925,2.115255117416382,9.385847091674805
2026-09-07T02:25:13.020000Z,-1.8747764825820925,2.115255117416382,9.385847091674805
2026-09-07T02:25:13.021000Z,-1.8747764825820925,2.115255117416382,9.385847091674805
2026-09-07T02:25:14.017000Z,-1.576870083808899,7.442874908447266,5.941378593444824
2026-09-07T02:25:14.018000Z,-1.576870083808899,7.442874908447266,5.941378593444824
2026-09-07T02:25:14.019000Z,-1.576870083808899,7.442874908447266,5.941378593444824
2026-09-07T02:25:15.022000Z,-1.679761528968811,3.780659675598145,7.969295978546143
2026-09-07T02:25:15.023000Z,-1.679761528968811,3.780659675598145,7.969295978546143
2026-09-07T02:25:16.025000Z,0.9475577473640442,4.679164886474609,8.657232284545898
2026-09-07T02:25:16.026000Z,0.9475577473640442,4.679164886474609,8.657232284545898
2026-09-07T02:25:16.027000Z,0.9475577473640442,4.679164886474609,8.657232284545898
2026-09-07T02:25:17.021000Z,-0.0705882683396339,5.5728840827941895,7.022934436798096
2026-09-07T02:25:17.022000Z,-0.0705882683396339,5.5728840827941895,7.022934436798096
2026-09-07T02:25:18.025000Z,1.8029918670654297,7.941778182983398,8.349754333496094
2026-09-07T02:25:18.026000Z,1.8029918670654297,7.941778182983398,8.349754333496094
2026-09-07T02:25:18.027000Z,1.8029918670654297,7.941778182983398,8.349754333496094
2026-09-07T02:25:19.025000Z,-0.0873380228877067,7.05763053894043,6.763313293457031
2026-09-07T02:25:19.026000Z,-0.0873380228877067,7.05763053894043,6.763313293457031
2026-09-07T02:25:20.028000Z,0.2799602448940277,7.091129779815674,6.754938125610352
2026-09-07T02:25:20.029000Z,0.2799602448940277,7.091129779815674,6.754938125610352
2026-09-07T02:25:20.030000Z,0.2799602448940277,7.091129779815674,6.754938125610352
2026-09-07T02:25:21.038000Z,0.1770688742399215,7.069594383239746,6.760920524597168
2026-09-07T02:25:21.039000Z,0.1770688742399215,7.069594383239746,6.760920524597168
2026-09-07T02:25:21.040000Z,0.1770688742399215,7.069594383239746,6.760920524597168
2026-09-07T02:25:22.032000Z,0.7657032608985901,6.531209468841553,7.393822193145752
2026-09-07T02:25:22.033000Z,0.7657032608985901,6.531209468841553,7.393822193145752
2026-09-07T02:25:22.034000Z,0.7657032608985901,6.531209468841553,7.393822193145752
2026-09-07T02:25:23.034000Z,-0.5790630578994751,-1.0336993932724,9.747162818908691
2026-09-07T02:25:23.035000Z,-0.5790630578994751,-1.0336993932724,9.747162818908691
2026-09-07T02:25:24.035000Z,0.5240281820297241,-0.7178468108177185,9.89432144165039
2026-09-07T02:25:24.036000Z,0.5240281820297241,-0.7178468108177185,9.89432144165039
2026-09-07T02:25:24.037000Z,0.5240281820297241,-0.7178468108177185,9.89432144165039
2026-09-07T02:25:25.033000Z,0.5264210104942322,-0.6293123364448547,9.852447509765623
2026-09-07T02:25:25.034000Z,0.5264210104942322,-0.6293123364448547,9.852447509765623
2026-09-07T02:25:25.035000Z,0.5264210104942322,-0.6293123364448547,9.852447509765623
2026-09-07T02:25:26.032000Z,0.4821537733078003,-0.7082754969596863,9.871589660644531
2026-09-07T02:25:26.033000Z,0.4821537733078003,-0.7082754969596863,9.871589660644531
2026-09-07T02:25:26.034000Z,0.4821537733078003,-0.7082754969596863,9.871589660644531
2026-09-07T02:25:27.040000Z,0.4654040038585663,-0.6819544434547424,9.865608215332031
2026-09-07T02:25:27.041000Z,0.4654040038585663,-0.6819544434547424,9.865608215332031
2026-09-07T02:25:27.042000Z,0.4654040038585663,-0.6819544434547424,9.865608215332031
2026-09-07T02:25:28.035000Z,0.4701896607875824,-0.6879364848136902,9.862018585205078
2026-09-07T02:25:28.036000Z,0.4701896607875824,-0.6879364848136902,9.862018585205078
2026-09-07T02:25:29.041000Z,0.4618147611618042,-0.6508477330207825,9.859625816345217
2026-09-07T02:25:29.042000Z,0.4618147611618042,-0.6508477330207825,9.859625816345217
2026-09-07T02:25:30.037000Z,0.4689932465553283,-0.6843472719192505,9.847661972045898
2026-09-07T02:25:30.038000Z,0.4689932465553283,-0.6843472719192505,9.847661972045898
2026-09-07T02:25:30.039000Z,0.4689932465553283,-0.6843472719192505,9.847661972045898
2026-09-07T02:25:31.038000Z,0.4618147611618042,-0.6843472719192505,9.853643417358398
2026-09-07T02:25:31.039000Z,0.4618147611618042,-0.6843472719192505,9.853643417358398
2026-09-07T02:25:31.040000Z,0.4618147611618042,-0.6843472719192505,9.853643417358398
2026-09-07T02:25:32.043000Z,0.4666004180908203,-0.6652047038078308,9.856036186218262
2026-09-07T02:25:32.044000Z,0.4666004180908203,-0.6652047038078308,9.856036186218262
2026-09-07T02:25:32.045000Z,0.4666004180908203,-0.6652047038078308,9.856036186218262
2026-09-07T02:25:33.046000Z,0.4761717021465301,-0.7070791125297546,9.868000984191896
2026-09-07T02:25:33.047000Z,0.4761717021465301,-0.7070791125297546,9.868000984191896
2026-09-07T02:25:33.049000Z,0.4761717021465301,-0.7070791125297546,9.868000984191896
2026-09-07T02:25:34.048000Z,1.2705888748168943,0.672383189201355,10.76530933380127
2026-09-07T02:25:34.049000Z,1.2705888748168943,0.672383189201355,10.76530933380127
2026-09-07T02:25:34.050000Z,1.2705888748168943,0.672383189201355,10.76530933380127
2026-09-07T02:25:35.043000Z,-1.207179069519043,6.474977970123291,6.327819347381592
2026-09-07T02:25:35.044000Z,-1.207179069519043,6.474977970123291,6.327819347381592
2026-09-07T02:25:35.045000Z,-1.207179069519043,6.474977970123291,6.327819347381592
2026-09-07T02:25:36.049000Z,1.5230315923690796,4.870590686798096,8.317451477050781
2026-09-07T02:25:36.050000Z,1.5230315923690796,4.870590686798096,8.317451477050781
2026-09-07T02:25:36.051000Z,1.5230315923690796,4.870590686798096,8.317451477050781
2026-09-07T02:25:37.047000Z,-0.1435693651437759,1.0947163105010986,9.87876796722412
2026-09-07T02:25:37.048000Z,-0.1435693651437759,1.0947163105010986,9.87876796722412
2026-09-07T02:25:37.049000Z,-0.1435693651437759,1.0947163105010986,9.87876796722412
2026-09-07T02:25:38.053000Z,0.0071784676983952,1.3076776266098022,9.720842361450195
2026-09-07T02:25:38.054000Z,0.0071784676983952,1.3076776266098022,9.720842361450195
2026-09-07T02:25:38.056000Z,0.0071784676983952,1.3076776266098022,9.720842361450195
2026-09-07T02:25:39.049000Z,-7.410571575164795,-3.078366279602051,7.0887370109558105
2026-09-07T02:25:39.050000Z,-7.410571575164795,-3.078366279602051,7.0887370109558105
2026-09-07T02:25:39.051000Z,-7.410571575164795,-3.078366279602051,7.0887370109558105
2026-09-07T02:25:40.065000Z,6.289534091949463,6.583851337432861,4.560719966888428
2026-09-07T02:25:40.066000Z,6.289534091949463,6.583851337432861,4.560719966888428
2026-09-07T02:25:40.067000Z,6.289534091949463,6.583851337432861,4.560719966888428
2026-09-07T02:25:41.070000Z,6.655636310577393,5.020142078399658,5.047659397125244
2026-09-07T02:25:41.071000Z,6.655636310577393,5.020142078399658,5.047659397125244
2026-09-07T02:25:41.072000Z,6.655636310577393,5.020142078399658,5.047659397125244
2026-09-07T02:25:42.071000Z,-2.287538528442383,9.104690551757812,-2.98384976387024
2026-09-07T02:25:42.072000Z,-2.287538528442383,9.104690551757812,-2.98384976387024
2026-09-07T02:25:42.073000Z,-2.287538528442383,9.104690551757812,-2.98384976387024
2026-09-07T02:25:43.071000Z,-1.9716858863830569,9.452845573425291,-1.7718851566314695
2026-09-07T02:25:43.072000Z,-1.9716858863830569,9.452845573425291,-1.7718851566314695
2026-09-07T02:25:43.073000Z,-1.9716858863830569,9.452845573425291,-1.7718851566314695
2026-09-07T02:25:44.074000Z,-2.00518536567688,-3.263810157775879,10.409975051879885
2026-09-07T02:25:44.075000Z,-2.00518536567688,-3.263810157775879,10.409975051879885
2026-09-07T02:25:44.076000Z,-2.00518536567688,-3.263810157775879,10.409975051879885
2026-09-07T02:25:45.078000Z,-2.133201360702514,-3.181257724761963,9.060422897338867
2026-09-07T02:25:45.079000Z,-2.133201360702514,-3.181257724761963,9.060422897338867
2026-09-07T02:25:45.080000Z,-2.133201360702514,-3.181257724761963,9.060422897338867
2026-09-07T02:25:46.077000Z,-2.1367905139923096,-3.3535408973693848,9.089137077331545
2026-09-07T02:25:46.078000Z,-2.1367905139923096,-3.3535408973693848,9.089137077331545
2026-09-07T02:25:46.079000Z,-2.1367905139923096,-3.3535408973693848,9.089137077331545
2026-09-07T02:25:47.081000Z,-1.7419748306274414,-2.599801778793335,8.93958568572998
2026-09-07T02:25:47.082000Z,-1.7419748306274414,-2.599801778793335,8.93958568572998
2026-09-07T02:25:47.083000Z,-1.7419748306274414,-2.599801778793335,8.93958568572998
2026-09-07T02:25:48.091000Z,4.177868366241455,3.0592236518859863,8.803194046020508
2026-09-07T02:25:48.092000Z,4.177868366241455,3.0592236518859863,8.803194046020508
2026-09-07T02:25:48.093000Z,4.177868366241455,3.0592236518859863,8.803194046020508
2026-09-07T02:25:49.105000Z,4.116851329803467,6.830312252044678,6.099305152893066
2026-09-07T02:25:49.106000Z,4.116851329803467,6.830312252044678,6.099305152893066
2026-09-07T02:25:49.107000Z,4.116851329803467,6.830312252044678,6.099305152893066
2026-09-07T02:25:50.088000Z,-1.0815558433532717,0.0011964113218709,9.948160171508787
2026-09-07T02:25:50.089000Z,-1.0815558433532717,0.0011964113218709,9.948160171508787
2026-09-07T02:25:50.090000Z,-1.0815558433532717,0.0011964113218709,9.948160171508787
2026-09-07T02:25:51.096000Z,0.7824530005455017,-1.8544375896453853,11.557332992553713
2026-09-07T02:25:51.097000Z,0.7824530005455017,-1.8544375896453853,11.557332992553713
2026-09-07T02:25:51.098000Z,0.7824530005455017,-1.8544375896453853,11.557332992553713
2026-09-07T02:25:52.097000Z,-1.8747764825820925,6.1124653816223145,7.226324558258057
2026-09-07T02:25:52.098000Z,-1.8747764825820925,6.1124653816223145,7.226324558258057
2026-09-07T02:25:52.099000Z,-1.8747764825820925,6.1124653816223145,7.226324558258057
2026-09-07T02:25:53.095000Z,-1.829312920570373,6.317051887512207,7.316055297851562
2026-09-07T02:25:53.097000Z,-1.829312920570373,6.317051887512207,7.316055297851562
2026-09-07T02:25:54.099000Z,-2.0853450298309326,6.463014125823975,7.115057945251465
2026-09-07T02:25:54.100000Z,-2.0853450298309326,6.463014125823975,7.115057945251465
2026-09-07T02:25:54.101000Z,-2.0853450298309326,6.463014125823975,7.115057945251465
2026-09-07T02:25:55.102000Z,-2.289931297302246,6.619743824005127,6.833901405334473
2026-09-07T02:25:55.103000Z,-2.289931297302246,6.619743824005127,6.833901405334473
2026-09-07T02:25:56.105000Z,-2.4131617546081543,6.759724140167236,6.714260101318359
2026-09-07T02:25:56.106000Z,-2.4131617546081543,6.759724140167236,6.714260101318359
2026-09-07T02:25:56.107000Z,-2.4131617546081543,6.759724140167236,6.714260101318359
2026-09-07T02:25:57.104000Z,-2.537588357925415,6.811169624328613,6.662814617156982
2026-09-07T02:25:57.105000Z,-2.537588357925415,6.811169624328613,6.662814617156982
2026-09-07T02:25:57.106000Z,-2.537588357925415,6.811169624328613,6.662814617156982
2026-09-07T02:25:58.110000Z,-2.4574289321899414,6.674778938293457,6.809973239898682
2026-09-07T02:25:58.111000Z,-2.4574289321899414,6.674778938293457,6.809973239898682
2026-09-07T02:25:58.112000Z,-2.4574289321899414,6.674778938293457,6.809973239898682
2026-09-07T02:25:59.113000Z,-2.495713949203491,6.838686943054199,6.605386734008789
2026-09-07T02:25:59.114000Z,-2.495713949203491,6.838686943054199,6.605386734008789
2026-09-07T02:25:59.115000Z,-2.495713949203491,6.838686943054199,6.605386734008789
2026-09-07T02:26:00.108000Z,-2.547159671783448,6.86381196975708,6.6113691329956055
2026-09-07T02:26:00.109000Z,-2.547159671783448,6.86381196975708,6.6113691329956055
2026-09-07T02:26:00.110000Z,-2.547159671783448,6.86381196975708,6.6113691329956055
2026-09-07T02:26:01.110000Z,-1.5469598770141602,5.795416355133057,6.784848690032959
2026-09-07T02:26:01.111000Z,-1.5469598770141602,5.795416355133057,6.784848690032959
2026-09-07T02:26:02.128000Z,0.7513462901115417,5.657829284667969,4.06540584564209
2026-09-07T02:26:02.129000Z,0.7513462901115417,5.657829284667969,4.06540584564209
2026-09-07T02:26:02.130000Z,0.7513462901115417,5.657829284667969,4.06540584564209
2026-09-07T02:26:03.129000Z,9.58205795288086,1.1748759746551514,-0.6807580590248108
2026-09-07T02:26:03.131000Z,9.58205795288086,1.1748759746551514,-0.6807580590248108
2026-09-07T02:26:04.135000Z,2.733799934387207,7.5637125968933105,7.176074981689453
2026-09-07T02:26:04.136000Z,2.733799934387207,7.5637125968933105,7.176074981689453
2026-09-07T02:26:04.137000Z,2.733799934387207,7.5637125968933105,7.176074981689453
2026-09-07T02:26:05.142000Z,-3.7112679481506334,9.298508644104004,-0.9296116232872008
2026-09-07T02:26:05.143000Z,-3.7112679481506334,9.298508644104004,-0.9296116232872008
2026-09-07T02:26:05.144000Z,-3.7112679481506334,9.298508644104004,-0.9296116232872008
2026-09-07T02:26:06.150000Z,-2.003988981246948,9.540184020996094,0.3960121572017669
2026-09-07T02:26:06.151000Z,-2.003988981246948,9.540184020996094,0.3960121572017669
2026-09-07T02:26:06.152000Z,-2.003988981246948,9.540184020996094,0.3960121572017669
2026-09-07T02:26:07.157000Z,-2.179861545562744,9.597611427307127,0.3984049558639526
2026-09-07T02:26:07.158000Z,-2.179861545562744,9.597611427307127,0.3984049558639526
2026-09-07T02:26:08.165000Z,-1.6474584341049194,-1.5637096166610718,11.529815673828123
2026-09-07T02:26:08.167000Z,-1.6474584341049194,-1.5637096166610718,11.529815673828123
2026-09-07T02:26:09.167000Z,1.698904037475586,4.761716842651367,6.197410583496094
2026-09-07T02:26:09.168000Z,1.698904037475586,4.761716842651367,6.197410583496094
2026-09-07T02:26:09.169000Z,1.698904037475586,4.761716842651367,6.197410583496094
2026-09-07T02:26:10.162000Z,2.7768707275390625,4.887340068817139,8.695517539978027
2026-09-07T02:26:10.163000Z,2.7768707275390625,4.887340068817139,8.695517539978027
2026-09-07T02:26:11.166000Z,-0.397208571434021,5.698507308959961,8.111668586730957
2026-09-07T02:26:11.167000Z,-0.397208571434021,5.698507308959961,8.111668586730957
2026-09-07T02:26:11.168000Z,-0.397208571434021,5.698507308959961,8.111668586730957
2026-09-07T02:26:12.168000Z,0.122033953666687,4.774877548217773,8.639286041259766
2026-09-07T02:26:12.169000Z,0.122033953666687,4.774877548217773,8.639286041259766
2026-09-07T02:26:12.170000Z,0.122033953666687,4.774877548217773,8.639286041259766
2026-09-07T02:26:13.167000Z,-0.1459621787071228,5.654240131378174,8.001599311828613
2026-09-07T02:26:13.168000Z,-0.1459621787071228,5.654240131378174,8.001599311828613
2026-09-07T02:26:13.169000Z,-0.1459621787071228,5.654240131378174,8.001599311828613
2026-09-07T02:26:14.168000Z,-0.3912265002727508,6.166304111480713,7.582854747772217
2026-09-07T02:26:14.169000Z,-0.3912265002727508,6.166304111480713,7.582854747772217
2026-09-07T02:26:14.170000Z,-0.3912265002727508,6.166304111480713,7.582854747772217
2026-09-07T02:26:15.170000Z,-0.3026920557022095,6.203392505645752,7.604390144348144
2026-09-07T02:26:15.172000Z,-0.3026920557022095,6.203392505645752,7.604390144348144
2026-09-07T02:26:15.174000Z,-0.3026920557022095,6.203392505645752,7.604390144348144
2026-09-07T02:26:16.173000Z,-0.1567298769950866,6.240481376647949,7.568498134613037
2026-09-07T02:26:16.174000Z,-0.1567298769950866,6.240481376647949,7.568498134613037
2026-09-07T02:26:17.171000Z,0.8063812255859375,6.119643688201904,7.527820110321045
2026-09-07T02:26:17.173000Z,0.8063812255859375,6.119643688201904,7.527820110321045
2026-09-07T02:26:17.174000Z,0.8063812255859375,6.119643688201904,7.527820110321045
2026-09-07T02:26:18.172000Z,1.027717351913452,6.142375946044922,7.503891944885254
2026-09-07T02:26:18.174000Z,1.027717351913452,6.142375946044922,7.503891944885254
2026-09-07T02:26:18.176000Z,1.027717351913452,6.142375946044922,7.503891944885254
2026-09-07T02:26:19.173000Z,-0.7860422134399414,5.395814895629883,8.078168869018555
2026-09-07T02:26:19.175000Z,-0.7860422134399414,5.395814895629883,8.078168869018555
2026-09-07T02:26:19.176000Z,-0.7860422134399414,5.395814895629883,8.078168869018555
2026-09-07T02:26:20.182000Z,-4.035495281219482,2.338984251022339,7.038487911224365
2026-09-07T02:26:20.183000Z,-4.035495281219482,2.338984251022339,7.038487911224365
2026-09-07T02:26:20.184000Z,-4.035495281219482,2.338984251022339,7.038487911224365
2026-09-07T02:26:21.184000Z,-6.332605361938477,1.246660590171814,8.512466430664062
2026-09-07T02:26:21.185000Z,-6.332605361938477,1.246660590171814,8.512466430664062
2026-09-07T02:26:21.186000Z,-6.332605361938477,1.246660590171814,8.512466430664062
2026-09-07T02:26:22.197000Z,-1.822134494781494,2.667997360229492,9.42772102355957
2026-09-07T02:26:22.199000Z,-1.822134494781494,2.667997360229492,9.42772102355957
2026-09-07T02:26:22.200000Z,-1.822134494781494,2.667997360229492,9.42772102355957
2026-09-07T02:26:23.202000Z,1.466800332069397,5.233103275299072,7.855636596679687
2026-09-07T02:26:23.203000Z,1.466800332069397,5.233103275299072,7.855636596679687
2026-09-07T02:26:23.204000Z,1.466800332069397,5.233103275299072,7.855636596679687
2026-09-07T02:26:24.211000Z,0.0167497582733631,4.825126647949219,8.361719131469727
2026-09-07T02:26:24.212000Z,0.0167497582733631,4.825126647949219,8.361719131469727
2026-09-07T02:26:24.213000Z,0.0167497582733631,4.825126647949219,8.361719131469727
2026-09-07T02:26:25.208000Z,-1.4057832956314087,5.073980331420898,8.166703224182129
2026-09-07T02:26:25.209000Z,-1.4057832956314087,5.073980331420898,8.166703224182129
2026-09-07T02:26:25.210000Z,-1.4057832956314087,5.073980331420898,8.166703224182129
2026-09-07T02:26:26.211000Z,0.2799602448940277,5.546562671661377,8.675178527832031
2026-09-07T02:26:26.212000Z,0.2799602448940277,5.546562671661377,8.675178527832031
2026-09-07T02:26:27.212000Z,-5.389832973480225,8.049455642700195,7.142575740814209
2026-09-07T02:26:27.213000Z,-5.389832973480225,8.049455642700195,7.142575740814209
2026-09-07T02:26:27.214000Z,-5.389832973480225,8.049455642700195,7.142575740814209
2026-09-07T02:26:28.224000Z,9.302098274230955,6.988238334655762,-1.7336000204086304
2026-09-07T02:26:28.225000Z,9.302098274230955,6.988238334655762,-1.7336000204086304
2026-09-07T02:26:29.226000Z,-3.87876558303833,9.212367057800291,2.3222343921661377
2026-09-07T02:26:29.227000Z,-3.87876558303833,9.212367057800291,2.3222343921661377
2026-09-07T02:26:30.221000Z,-2.6452653408050537,7.384250640869141,6.357729911804199
2026-09-07T02:26:30.222000Z,-2.6452653408050537,7.384250640869141,6.357729911804199
2026-09-07T02:26:30.223000Z,-2.6452653408050537,7.384250640869141,6.357729911804199
2026-09-07T02:26:31.228000Z,-2.1750757694244385,7.791030406951904,6.314659118652344
2026-09-07T02:26:31.229000Z,-2.1750757694244385,7.791030406951904,6.314659118652344
2026-09-07T02:26:31.230000Z,-2.1750757694244385,7.791030406951904,6.314659118652344
2026-09-07T02:26:32.241000Z,-0.1423729509115219,1.9872392416000368,10.061819076538086
2026-09-07T02:26:32.242000Z,-0.1423729509115219,1.9872392416000368,10.061819076538086
2026-09-07T02:26:33.243000Z,-2.0757737159729004,6.098108291625977,7.2430739402771
2026-09-07T02:26:33.245000Z,-2.0757737159729004,6.098108291625977,7.2430739402771
2026-09-07T02:26:33.248000Z,-2.0757737159729004,6.098108291625977,7.2430739402771
2026-09-07T02:26:34.242000Z,0.4677968323230743,2.0889341831207275,9.811769485473633
2026-09-07T02:26:34.243000Z,0.4677968323230743,2.0889341831207275,9.811769485473633
2026-09-07T02:26:34.244000Z,0.4677968323230743,2.0889341831207275,9.811769485473633
2026-09-07T02:26:35.243000Z,-1.4177473783493042,5.749952793121338,7.947760581970215
2026-09-07T02:26:35.244000Z,-1.4177473783493042,5.749952793121338,7.947760581970215
2026-09-07T02:26:35.245000Z,-1.4177473783493042,5.749952793121338,7.947760581970215
2026-09-07T02:26:36.244000Z,-0.9080761671066284,5.796612739562988,7.825726509094238
2026-09-07T02:26:36.245000Z,-0.9080761671066284,5.796612739562988,7.825726509094238
2026-09-07T02:26:36.246000Z,-0.9080761671066284,5.796612739562988,7.825726509094238
2026-09-07T02:26:37.251000Z,-0.3625126183032989,6.539584159851074,7.383054256439209
2026-09-07T02:26:37.252000Z,-0.3625126183032989,6.539584159851074,7.383054256439209
2026-09-07T02:26:37.253000Z,-0.3625126183032989,6.539584159851074,7.383054256439209
2026-09-07T02:26:38.247000Z,-0.3230310678482055,6.847062110900879,6.866204738616943
2026-09-07T02:26:38.253000Z,-0.3230310678482055,6.847062110900879,6.866204738616943
2026-09-07T02:26:39.249000Z,-0.2237289100885391,6.814758777618408,6.98704195022583
2026-09-07T02:26:39.250000Z,-0.2237289100885391,6.814758777618408,6.98704195022583
2026-09-07T02:26:39.251000Z,-0.2237289100885391,6.814758777618408,6.98704195022583
2026-09-07T02:26:40.248000Z,0.5060819983482361,6.375676155090332,7.27537727355957
2026-09-07T02:26:40.250000Z,0.5060819983482361,6.375676155090332,7.27537727355957
2026-09-07T02:26:40.252000Z,0.5060819983482361,6.375676155090332,7.27537727355957
2026-09-07T02:26:41.250000Z,-0.1615155339241027,3.5341989994049072,9.882357597351074
2026-09-07T02:26:41.251000Z,-0.1615155339241027,3.5341989994049072,9.882357597351074
2026-09-07T02:26:41.252000Z,-0.1615155339241027,3.5341989994049072,9.882357597351074
2026-09-07T02:26:42.251000Z,-0.3122633695602417,7.477570533752441,6.069394588470459
2026-09-07T02:26:42.253000Z,-0.3122633695602417,7.477570533752441,6.069394588470459
2026-09-07T02:26:42.255000Z,-0.3122633695602417,7.477570533752441,6.069394588470459
2026-09-07T02:26:43.284000Z,0.9391828775405884,-1.5589239597320557,8.95394229888916
2026-09-07T02:26:43.286000Z,0.9391828775405884,-1.5589239597320557,8.95394229888916
2026-09-07T02:26:43.288000Z,0.9391828775405884,-1.5589239597320557,8.95394229888916
2026-09-07T02:26:44.286000Z,0.9906286001205444,4.5547380447387695,8.6033935546875
2026-09-07T02:26:44.287000Z,0.9906286001205444,4.5547380447387695,8.6033935546875
2026-09-07T02:26:44.291000Z,0.9906286001205444,4.5547380447387695,8.6033935546875
2026-09-07T02:26:45.288000Z,1.0265209674835205,4.6408796310424805,8.583054542541504
2026-09-07T02:26:45.290000Z,1.0265209674835205,4.6408796310424805,8.583054542541504
2026-09-07T02:26:45.292000Z,1.0265209674835205,4.6408796310424805,8.583054542541504
2026-09-07T02:26:46.289000Z,1.098305583000183,4.572684288024902,8.62612533569336
2026-09-07T02:26:46.301000Z,1.098305583000183,4.572684288024902,8.62612533569336
2026-09-07T02:26:46.302000Z,1.098305583000183,4.572684288024902,8.62612533569336
2026-09-07T02:26:47.290000Z,0.9296116232872008,4.457828521728516,8.72901725769043
2026-09-07T02:26:47.292000Z,0.9296116232872008,4.457828521728516,8.72901725769043
2026-09-07T02:26:47.294000Z,0.9296116232872008,4.457828521728516,8.72901725769043
2026-09-07T02:26:48.294000Z,0.8889335989952087,4.445864677429199,8.694320678710938
2026-09-07T02:26:48.295000Z,0.8889335989952087,4.445864677429199,8.694320678710938
2026-09-07T02:26:49.291000Z,0.9559326171875,4.636094093322754,8.656036376953125
2026-09-07T02:26:49.297000Z,0.9559326171875,4.636094093322754,8.656036376953125
2026-09-07T02:26:50.293000Z,0.9559326171875,4.636094093322754,8.656036376953125
2026-09-07T02:26:50.294000Z,0.9559326171875,4.636094093322754,8.656036376953125
2026-09-07T02:26:50.295000Z,0.9559326171875,4.636094093322754,8.656036376953125
2026-09-07T02:26:51.294000Z,0.9415757060050964,4.612165451049805,8.738588333129883
2026-09-07T02:26:51.295000Z,0.9415757060050964,4.612165451049805,8.738588333129883
2026-09-07T02:26:51.296000Z,0.9415757060050964,4.612165451049805,8.738588333129883
2026-09-07T02:26:52.296000Z,1.0671988725662231,4.516452789306641,8.62732219696045
2026-09-07T02:26:52.297000Z,1.0671988725662231,4.516452789306641,8.62732219696045
2026-09-07T02:26:52.298000Z,1.0671988725662231,4.516452789306641,8.62732219696045
2026-09-07T02:26:53.297000Z,0.4007977843284607,4.2245283126831055,9.075976371765137
2026-09-07T02:26:53.298000Z,0.4007977843284607,4.2245283126831055,9.075976371765137
2026-09-07T02:26:53.299000Z,0.4007977843284607,4.2245283126831055,9.075976371765137
2026-09-07T02:26:54.310000Z,0.4450650215148926,3.858426570892334,9.103493690490724
2026-09-07T02:26:54.311000Z,0.4450650215148926,3.858426570892334,9.103493690490724
2026-09-07T02:26:54.312000Z,0.4450650215148926,3.858426570892334,9.103493690490724
2026-09-07T02:26:55.319000Z,-1.5230315923690796,7.435696601867676,4.030709743499756
2026-09-07T02:26:55.320000Z,-1.5230315923690796,7.435696601867676,4.030709743499756
2026-09-07T02:26:55.321000Z,-1.5230315923690796,7.435696601867676,4.030709743499756
2026-09-07T02:26:56.322000Z,-5.943771362304688,6.795616149902344,4.037888050079346
2026-09-07T02:26:56.323000Z,-5.943771362304688,6.795616149902344,4.037888050079346
2026-09-07T02:26:57.324000Z,2.6560330390930176,4.423132419586182,9.018548965454102
2026-09-07T02:26:57.325000Z,2.6560330390930176,4.423132419586182,9.018548965454102
2026-09-07T02:26:58.332000Z,1.9417755603790283,5.620740413665772,7.892725467681885
2026-09-07T02:26:58.333000Z,1.9417755603790283,5.620740413665772,7.892725467681885
2026-09-07T02:26:59.338000Z,1.5493526458740234,5.320441246032715,8.149953842163086
2026-09-07T02:26:59.339000Z,1.5493526458740234,5.320441246032715,8.149953842163086
2026-09-07T02:27:00.341000Z,0.9547362327575684,5.310869693756104,8.165507316589355
2026-09-07T02:27:00.342000Z,0.9547362327575684,5.310869693756104,8.165507316589355
2026-09-07T02:27:01.348000Z,-7.326822757720947,5.615954875946045,3.789034605026245
2026-09-07T02:27:01.349000Z,-7.326822757720947,5.615954875946045,3.789034605026245
2026-09-07T02:27:01.350000Z,-7.326822757720947,5.615954875946045,3.789034605026245
2026-09-07T02:27:02.343000Z,-4.120440483093262,7.952546119689941,3.600001573562622
2026-09-07T02:27:02.344000Z,-4.120440483093262,7.952546119689941,3.600001573562622
2026-09-07T02:27:02.345000Z,-4.120440483093262,7.952546119689941,3.600001573562622
2026-09-07T02:27:03.348000Z,3.988835334777832,5.949753284454346,7.229913711547852
2026-09-07T02:27:03.349000Z,3.988835334777832,5.949753284454346,7.229913711547852
2026-09-07T02:27:04.352000Z,3.633501291275024,6.007181167602539,6.826723098754883
2026-09-07T02:27:04.353000Z,3.633501291275024,6.007181167602539,6.826723098754883
2026-09-07T02:27:04.354000Z,3.633501291275024,6.007181167602539,6.826723098754883
2026-09-07T02:27:05.361000Z,1.7694923877716064,6.602993965148926,7.028916358947754
2026-09-07T02:27:05.362000Z,1.7694923877716064,6.602993965148926,7.028916358947754
2026-09-07T02:27:05.364000Z,1.7694923877716064,6.602993965148926,7.028916358947754
2026-09-07T02:27:06.358000Z,-1.552941918373108,8.586644172668457,4.382454872131348
2026-09-07T02:27:06.359000Z,-1.552941918373108,8.586644172668457,4.382454872131348
2026-09-07T02:27:06.360000Z,-1.552941918373108,8.586644172668457,4.382454872131348
2026-09-07T02:27:07.357000Z,-0.9990034699440002,7.782655715942383,5.864808082580566
2026-09-07T02:27:07.358000Z,-0.9990034699440002,7.782655715942383,5.864808082580566
2026-09-07T02:27:07.359000Z,-0.9990034699440002,7.782655715942383,5.864808082580566
2026-09-07T02:27:08.363000Z,-0.9403793215751648,7.441678524017334,6.275177478790283
2026-09-07T02:27:08.364000Z,-0.9403793215751648,7.441678524017334,6.275177478790283
2026-09-07T02:27:09.375000Z,-0.12921242415905,4.238885402679443,13.044472694396973
2026-09-07T02:27:09.376000Z,-0.12921242415905,4.238885402679443,13.044472694396973
2026-09-07T02:27:09.377000Z,-0.12921242415905,4.238885402679443,13.044472694396973
2026-09-07T02:27:10.373000Z,-1.6654045581817627,6.195017814636231,7.225128173828125
2026-09-07T02:27:10.374000Z,-1.6654045581817627,6.195017814636231,7.225128173828125
2026-09-07T02:27:10.375000Z,-1.6654045581817627,6.195017814636231,7.225128173828125
2026-09-07T02:27:11.376000Z,-1.6534404754638672,6.205785751342773,7.349554538726807
2026-09-07T02:27:11.377000Z,-1.6534404754638672,6.205785751342773,7.349554538726807
2026-09-07T02:27:12.380000Z,1.0767701864242554,3.517449378967285,8.57348346710205
2026-09-07T02:27:12.381000Z,1.0767701864242554,3.517449378967285,8.57348346710205
2026-09-07T02:27:12.382000Z,1.0767701864242554,3.517449378967285,8.57348346710205
2026-09-07T02:27:13.386000Z,-0.2560320198535919,-0.5395814776420593,10.517651557922363
2026-09-07T02:27:13.387000Z,-0.2560320198535919,-0.5395814776420593,10.517651557922363
2026-09-07T02:27:14.390000Z,-1.57806658744812,5.1876397132873535,8.785248756408691
2026-09-07T02:27:14.391000Z,-1.57806658744812,5.1876397132873535,8.785248756408691
2026-09-07T02:27:14.392000Z,-1.57806658744812,5.1876397132873535,8.785248756408691
2026-09-07T02:27:15.389000Z,2.045863389968872,6.1124653816223145,6.897311210632324
2026-09-07T02:27:15.390000Z,2.045863389968872,6.1124653816223145,6.897311210632324
2026-09-07T02:27:15.396000Z,2.045863389968872,6.1124653816223145,6.897311210632324
2026-09-07T02:27:16.395000Z,-3.300898790359497,4.899304389953613,8.367700576782227
2026-09-07T02:27:16.396000Z,-3.300898790359497,4.899304389953613,8.367700576782227
2026-09-07T02:27:16.397000Z,-3.300898790359497,4.899304389953613,8.367700576782227
2026-09-07T02:27:17.405000Z,-3.390629768371582,4.480560302734375,8.291130065917969
2026-09-07T02:27:17.406000Z,-3.390629768371582,4.480560302734375,8.291130065917969
2026-09-07T02:27:17.407000Z,-3.390629768371582,4.480560302734375,8.291130065917969
2026-09-07T02:27:18.407000Z,-2.9276185035705566,4.092923164367676,8.461020469665527
2026-09-07T02:27:18.408000Z,-2.9276185035705566,4.092923164367676,8.461020469665527
2026-09-07T02:27:19.408000Z,-1.9417755603790283,3.4277184009552,9.06281566619873
2026-09-07T02:27:19.409000Z,-1.9417755603790283,3.4277184009552,9.06281566619873
2026-09-07T02:27:20.418000Z,-1.5302101373672483,3.6406795978546143,9.198010444641112
2026-09-07T02:27:20.419000Z,-1.5302101373672483,3.6406795978546143,9.198010444641112
2026-09-07T02:27:20.421000Z,-1.5302101373672483,3.6406795978546143,9.198010444641112
2026-09-07T02:27:21.435000Z,-1.7886348962783811,4.208974838256836,8.958727836608887
2026-09-07T02:27:21.436000Z,-1.7886348962783811,4.208974838256836,8.958727836608887
2026-09-07T02:27:21.437000Z,-1.7886348962783811,4.208974838256836,8.958727836608887
2026-09-07T02:27:22.430000Z,-0.0897308513522148,5.72123908996582,7.263412952423096
2026-09-07T02:27:22.431000Z,-0.0897308513522148,5.72123908996582,7.263412952423096
2026-09-07T02:27:22.432000Z,-0.0897308513522148,5.72123908996582,7.263412952423096
2026-09-07T02:27:23.427000Z,0.8147560954093933,5.0464630126953125,8.435895919799805
2026-09-07T02:27:23.428000Z,0.8147560954093933,5.0464630126953125,8.435895919799805
2026-09-07T02:27:23.429000Z,0.8147560954093933,5.0464630126953125,8.435895919799805
2026-09-07T02:27:24.432000Z,-1.9310078620910645,3.232703447341919,9.32004451751709
2026-09-07T02:27:24.433000Z,-1.9310078620910645,3.232703447341919,9.32004451751709
2026-09-07T02:27:24.434000Z,-1.9310078620910645,3.232703447341919,9.32004451751709
2026-09-07T02:27:25.436000Z,-0.4797609448432922,1.171286702156067,6.674778938293457
2026-09-07T02:27:25.437000Z,-0.4797609448432922,1.171286702156067,6.674778938293457
2026-09-07T02:27:25.438000Z,-0.4797609448432922,1.171286702156067,6.674778938293457
2026-09-07T02:27:26.434000Z,-1.383051514625549,-2.0650060176849365,11.109875679016112
2026-09-07T02:27:26.435000Z,-1.383051514625549,-2.0650060176849365,11.109875679016112
2026-09-07T02:27:27.432000Z,-1.0121639966964722,-1.2502498626708984,11.131410598754885
2026-09-07T02:27:27.433000Z,-1.0121639966964722,-1.2502498626708984,11.131410598754885
2026-09-07T02:27:27.434000Z,-1.0121639966964722,-1.2502498626708984,11.131410598754885
2026-09-07T02:27:28.436000Z,-0.0430708080530166,4.113262176513672,8.041080474853516
2026-09-07T02:27:28.437000Z,-0.0430708080530166,4.113262176513672,8.041080474853516
2026-09-07T02:27:28.438000Z,-0.0430708080530166,4.113262176513672,8.041080474853516
2026-09-07T02:27:29.435000Z,2.480160713195801,4.450650215148926,9.022137641906738
2026-09-07T02:27:29.436000Z,2.480160713195801,4.450650215148926,9.022137641906738
2026-09-07T02:27:29.437000Z,2.480160713195801,4.450650215148926,9.022137641906738
2026-09-07T02:27:30.440000Z,-3.671786308288574,4.450650215148926,8.22293472290039
2026-09-07T02:27:30.441000Z,-3.671786308288574,4.450650215148926,8.22293472290039
2026-09-07T02:27:31.444000Z,-4.88853645324707,3.937389612197876,7.710870742797852
2026-09-07T02:27:31.445000Z,-4.88853645324707,3.937389612197876,7.710870742797852
2026-09-07T02:27:31.446000Z,-4.88853645324707,3.937389612197876,7.710870742797852
2026-09-07T02:27:32.446000Z,2.1511476039886475,4.424329280853272,8.684749603271484
2026-09-07T02:27:32.447000Z,2.1511476039886475,4.424329280853272,8.684749603271484
2026-09-07T02:27:32.448000Z,2.1511476039886475,4.424329280853272,8.684749603271484
2026-09-07T02:27:33.443000Z,1.526620864868164,1.7120646238327026,9.548559188842772
2026-09-07T02:27:33.444000Z,1.526620864868164,1.7120646238327026,9.548559188842772
2026-09-07T02:27:34.444000Z,4.932804107666016,4.1347975730896,10.6564359664917
2026-09-07T02:27:34.445000Z,4.932804107666016,4.1347975730896,10.6564359664917
2026-09-07T02:27:34.446000Z,4.932804107666016,4.1347975730896,10.6564359664917
2026-09-07T02:27:35.446000Z,2.499303340911865,4.280759811401367,8.353343963623047
2026-09-07T02:27:35.447000Z,2.499303340911865,4.280759811401367,8.353343963623047
2026-09-07T02:27:36.449000Z,2.4921247959136963,3.741178274154663,9.29731273651123
2026-09-07T02:27:36.450000Z,2.4921247959136963,3.741178274154663,9.29731273651123
2026-09-07T02:27:36.451000Z,2.4921247959136963,3.741178274154663,9.29731273651123
2026-09-07T02:27:37.443000Z,2.562713146209717,3.695714473724365,8.958727836608887
2026-09-07T02:27:37.444000Z,2.562713146209717,3.695714473724365,8.958727836608887
2026-09-07T02:27:37.445000Z,2.562713146209717,3.695714473724365,8.958727836608887
2026-09-07T02:27:38.444000Z,1.6450655460357666,4.583451747894287,8.971888542175293
2026-09-07T02:27:38.445000Z,1.6450655460357666,4.583451747894287,8.971888542175293
2026-09-07T02:27:38.447000Z,1.6450655460357666,4.583451747894287,8.971888542175293
2026-09-07T02:27:39.478000Z,0.0023928226437419,4.130012035369873,8.407182693481445
2026-09-07T02:27:39.479000Z,0.0023928226437419,4.130012035369873,8.407182693481445
2026-09-07T02:27:39.480000Z,0.0023928226437419,4.130012035369873,8.407182693481445
2026-09-07T02:27:40.481000Z,0.9786644577980042,2.953939437866211,9.42891788482666
2026-09-07T02:27:40.482000Z,0.9786644577980042,2.953939437866211,9.42891788482666
2026-09-07T02:27:40.483000Z,0.9786644577980042,2.953939437866211,9.42891788482666
2026-09-07T02:27:41.542000Z,0.9667003750801086,3.9661035537719727,8.96112060546875
2026-09-07T02:27:41.543000Z,0.9667003750801086,3.9661035537719727,8.96112060546875
2026-09-07T02:27:42.484000Z,0.366101861000061,4.564309120178223,8.645268440246582
2026-09-07T02:27:42.492000Z,0.366101861000061,4.564309120178223,8.645268440246582
2026-09-07T02:27:43.484000Z,-0.4642075896263122,6.113661766052246,7.552944660186768
2026-09-07T02:27:43.485000Z,-0.4642075896263122,6.113661766052246,7.552944660186768
2026-09-07T02:27:44.487000Z,0.0023928226437419,5.521438121795654,7.969295978546143
2026-09-07T02:27:44.489000Z,0.0023928226437419,5.521438121795654,7.969295978546143
2026-09-07T02:27:44.490000Z,0.0023928226437419,5.521438121795654,7.969295978546143
2026-09-07T02:27:45.488000Z,1.0767701864242554,2.989831924438477,9.291330337524414
2026-09-07T02:27:45.490000Z,1.0767701864242554,2.989831924438477,9.291330337524414
2026-09-07T02:27:45.492000Z,1.0767701864242554,2.989831924438477,9.291330337524414
2026-09-07T02:27:46.504000Z,1.561316728591919,2.1547367572784424,10.334601402282717
2026-09-07T02:27:46.505000Z,1.561316728591919,2.1547367572784424,10.334601402282717
2026-09-07T02:27:46.506000Z,1.561316728591919,2.1547367572784424,10.334601402282717
2026-09-07T02:27:47.489000Z,0.8087740540504456,1.1186445951461792,9.78544807434082
2026-09-07T02:27:47.490000Z,0.8087740540504456,1.1186445951461792,9.78544807434082
2026-09-07T02:27:48.491000Z,0.7357929348945618,1.1126625537872314,9.696913719177246
2026-09-07T02:27:48.492000Z,0.7357929348945618,1.1126625537872314,9.696913719177246
2026-09-07T02:27:48.493000Z,0.7357929348945618,1.1126625537872314,9.696913719177246
2026-09-07T02:27:49.492000Z,0.6520441770553589,0.3708875179290771,9.818947792053224
2026-09-07T02:27:49.493000Z,0.6520441770553589,0.3708875179290771,9.818947792053224
2026-09-07T02:27:49.494000Z,0.6520441770553589,0.3708875179290771,9.818947792053224
2026-09-07T02:27:50.493000Z,0.2261217385530471,1.2239288091659546,9.753145217895508
2026-09-07T02:27:50.494000Z,0.2261217385530471,1.2239288091659546,9.753145217895508
2026-09-07T02:27:50.495000Z,0.2261217385530471,1.2239288091659546,9.753145217895508
2026-09-07T02:27:51.494000Z,-0.9571290612220764,0.3002992272377014,9.183652877807615
2026-09-07T02:27:51.495000Z,-0.9571290612220764,0.3002992272377014,9.183652877807615
2026-09-07T02:27:51.496000Z,-0.9571290612220764,0.3002992272377014,9.183652877807615
2026-09-07T02:27:52.496000Z,-4.58584451675415,-6.363711833953857,5.740381717681885
2026-09-07T02:27:52.501000Z,-4.58584451675415,-6.363711833953857,5.740381717681885
2026-09-07T02:27:53.497000Z,-0.4307080805301666,-1.8664016723632808,7.93579626083374
2026-09-07T02:27:53.498000Z,-0.4307080805301666,-1.8664016723632808,7.93579626083374
2026-09-07T02:27:53.499000Z,-0.4307080805301666,-1.8664016723632808,7.93579626083374
2026-09-07T02:27:54.498000Z,-0.1579262912273407,-1.7204394340515137,9.765109062194824
2026-09-07T02:27:54.499000Z,-0.1579262912273407,-1.7204394340515137,9.765109062194824
2026-09-07T02:27:54.500000Z,-0.1579262912273407,-1.7204394340515137,9.765109062194824
2026-09-07T02:27:55.502000Z,-0.1519442349672317,-1.710868239402771,9.744770050048828
2026-09-07T02:27:55.503000Z,-0.1519442349672317,-1.710868239402771,9.744770050048828
2026-09-07T02:27:55.504000Z,-0.1519442349672317,-1.710868239402771,9.744770050048828
2026-09-07T02:27:56.501000Z,-0.1579262912273407,-1.7407784461975098,9.742377281188965
2026-09-07T02:27:56.502000Z,-0.1579262912273407,-1.7407784461975098,9.742377281188965
2026-09-07T02:27:56.503000Z,-0.1579262912273407,-1.7407784461975098,9.742377281188965
2026-09-07T02:27:57.501000Z,-0.1244267746806144,-1.7216359376907349,9.72323513031006
2026-09-07T02:27:57.502000Z,-0.1244267746806144,-1.7216359376907349,9.72323513031006
2026-09-07T02:27:57.503000Z,-0.1244267746806144,-1.7216359376907349,9.72323513031006
2026-09-07T02:27:58.503000Z,-0.1351944804191589,-1.7467604875564575,9.725627899169922
2026-09-07T02:27:58.504000Z,-0.1351944804191589,-1.7467604875564575,9.725627899169922
2026-09-07T02:27:59.504000Z,-0.1435693651437759,-1.755135416984558,9.742377281188965
2026-09-07T02:27:59.505000Z,-0.1435693651437759,-1.755135416984558,9.742377281188965
2026-09-07T02:27:59.506000Z,-0.1435693651437759,-1.755135416984558,9.742377281188965
2026-09-07T02:28:00.505000Z,-0.1244267746806144,-1.7539390325546265,9.744770050048828
2026-09-07T02:28:00.506000Z,-0.1244267746806144,-1.7539390325546265,9.744770050048828
2026-09-07T02:28:00.507000Z,-0.1244267746806144,-1.7539390325546265,9.744770050048828
2026-09-07T02:28:01.506000Z,-0.1351944804191589,-1.7682958841323853,9.743574142456056
2026-09-07T02:28:01.507000Z,-0.1351944804191589,-1.7682958841323853,9.743574142456056
2026-09-07T02:28:01.508000Z,-0.1351944804191589,-1.7682958841323853,9.743574142456056
2026-09-07T02:28:02.508000Z,-0.1483550071716308,-1.7730815410614014,9.741181373596191
2026-09-07T02:28:02.509000Z,-0.1483550071716308,-1.7730815410614014,9.741181373596191
2026-09-07T02:28:03.509000Z,-0.2273181527853012,-1.690529227256775,10.884950637817385
2026-09-07T02:28:03.510000Z,-0.2273181527853012,-1.690529227256775,10.884950637817385
2026-09-07T02:28:04.510000Z,8.670392990112305,1.4093725681304932,5.545366287231445
2026-09-07T02:28:04.511000Z,8.670392990112305,1.4093725681304932,5.545366287231445
2026-09-07T02:28:04.512000Z,8.670392990112305,1.4093725681304932,5.545366287231445
2026-09-07T02:28:05.511000Z,1.2406785488128662,0.7836494445800781,9.76391315460205
2026-09-07T02:28:05.512000Z,1.2406785488128662,0.7836494445800781,9.76391315460205
2026-09-07T02:28:05.513000Z,1.2406785488128662,0.7836494445800781,9.76391315460205
2026-09-07T02:28:06.512000Z,1.2705888748168943,0.8015955686569214,9.76271629333496
2026-09-07T02:28:06.513000Z,1.2705888748168943,0.8015955686569214,9.76271629333496
2026-09-07T02:28:07.514000Z,1.2897313833236694,0.8111668825149536,9.751948356628418
2026-09-07T02:28:07.515000Z,1.2897313833236694,0.8111668825149536,9.751948356628418
2026-09-07T02:28:07.516000Z,1.2897313833236694,0.8111668825149536,9.751948356628418
2026-09-07T02:28:08.515000Z,1.2813565731048584,0.8171489238739014,9.74835968017578
2026-09-07T02:28:08.516000Z,1.2813565731048584,0.8171489238739014,9.74835968017578
2026-09-07T02:28:08.517000Z,1.2813565731048584,0.8171489238739014,9.74835968017578
2026-09-07T02:28:09.517000Z,1.26699960231781,0.7920243144035339,9.755537986755373
2026-09-07T02:28:09.518000Z,1.26699960231781,0.7920243144035339,9.755537986755373
2026-09-07T02:28:10.520000Z,1.2969099283218384,0.8147560954093933,9.74835968017578
2026-09-07T02:28:10.521000Z,1.2969099283218384,0.8147560954093933,9.74835968017578
2026-09-07T02:28:10.522000Z,1.2969099283218384,0.8147560954093933,9.74835968017578
2026-09-07T02:28:11.519000Z,1.2873386144638062,0.8267202377319336,9.739984512329102
2026-09-07T02:28:11.520000Z,1.2873386144638062,0.8267202377319336,9.739984512329102
2026-09-07T02:28:12.519000Z,1.2969099283218384,0.8159525394439697,9.747162818908691
2026-09-07T02:28:12.520000Z,1.2969099283218384,0.8159525394439697,9.747162818908691
2026-09-07T02:28:12.521000Z,1.2969099283218384,0.8159525394439697,9.747162818908691
2026-09-07T02:28:13.522000Z,1.2945170402526855,0.8255237936973572,9.766305923461914
2026-09-07T02:28:13.523000Z,1.2945170402526855,0.8255237936973572,9.766305923461914
2026-09-07T02:28:14.527000Z,8.554341316223145,-0.8769695162773132,9.370293617248535
2026-09-07T02:28:14.528000Z,8.554341316223145,-0.8769695162773132,9.370293617248535
2026-09-07T02:28:14.529000Z,8.554341316223145,-0.8769695162773132,9.370293617248535
2026-09-07T02:28:15.524000Z,-3.523431301116944,2.317448616027832,9.309276580810549
2026-09-07T02:28:15.525000Z,-3.523431301116944,2.317448616027832,9.309276580810549
2026-09-07T02:28:15.526000Z,-3.523431301116944,2.317448616027832,9.309276580810549
2026-09-07T02:28:16.525000Z,-4.071387767791748,5.505885124206543,7.466803073883057
2026-09-07T02:28:16.526000Z,-4.071387767791748,5.505885124206543,7.466803073883057
2026-09-07T02:28:17.526000Z,5.422136306762695,-0.4307080805301666,14.469398498535156
2026-09-07T02:28:17.527000Z,5.422136306762695,-0.4307080805301666,14.469398498535156
2026-09-07T02:28:17.528000Z,5.422136306762695,-0.4307080805301666,14.469398498535156
2026-09-07T02:28:18.527000Z,-3.75433874130249,3.476771354675293,12.154342651367188
2026-09-07T02:28:18.528000Z,-3.75433874130249,3.476771354675293,12.154342651367188
2026-09-07T02:28:18.529000Z,-3.75433874130249,3.476771354675293,12.154342651367188
2026-09-07T02:28:19.530000Z,-2.6835505962371826,8.93240737915039,-1.1856436729431152
2026-09-07T02:28:19.531000Z,-2.6835505962371826,8.93240737915039,-1.1856436729431152
2026-09-07T02:28:19.532000Z,-2.6835505962371826,8.93240737915039,-1.1856436729431152
2026-09-07T02:28:20.532000Z,-1.8376877307891848,-2.3712873458862305,9.083154678344728
2026-09-07T02:28:20.533000Z,-1.8376877307891848,-2.3712873458862305,9.083154678344728
2026-09-07T02:28:20.534000Z,-1.8376877307891848,-2.3712873458862305,9.083154678344728
2026-09-07T02:28:21.532000Z,1.969292998313904,8.934800148010254,-3.565305709838867
2026-09-07T02:28:21.533000Z,1.969292998313904,8.934800148010254,-3.565305709838867
2026-09-07T02:28:21.534000Z,1.969292998313904,8.934800148010254,-3.565305709838867
2026-09-07T02:28:22.532000Z,2.65842604637146,9.328418731689451,-0.3050848841667175
2026-09-07T02:28:22.533000Z,2.65842604637146,9.328418731689451,-0.3050848841667175
2026-09-07T02:28:22.534000Z,2.65842604637146,9.328418731689451,-0.3050848841667175
2026-09-07T02:28:23.535000Z,2.640479803085327,9.34995460510254,-0.3397808074951172
2026-09-07T02:28:23.536000Z,2.640479803085327,9.34995460510254,-0.3397808074951172
2026-09-07T02:28:23.537000Z,2.640479803085327,9.34995460510254,-0.3397808074951172
2026-09-07T02:28:24.535000Z,2.4502503871917725,9.407382011413574,-0.2356930375099182
2026-09-07T02:28:24.536000Z,2.4502503871917725,9.407382011413574,-0.2356930375099182
2026-09-07T02:28:24.537000Z,2.4502503871917725,9.407382011413574,-0.2356930375099182
2026-09-07T02:28:25.536000Z,2.4681966304779053,9.409774780273438,-0.1184447184205055
2026-09-07T02:28:25.537000Z,2.4681966304779053,9.409774780273438,-0.1184447184205055
2026-09-07T02:28:25.538000Z,2.4681966304779053,9.409774780273438,-0.1184447184205055
2026-09-07T02:28:26.537000Z,-6.313462734222412,5.008177757263184,6.113661766052246
2026-09-07T02:28:26.538000Z,-6.313462734222412,5.008177757263184,6.113661766052246
2026-09-07T02:28:27.538000Z,-6.275177478790283,4.6169514656066895,6.232106685638428
2026-09-07T02:28:27.539000Z,-6.275177478790283,4.6169514656066895,6.232106685638428
2026-09-07T02:28:28.540000Z,-5.858826160430908,4.754538536071777,6.2871413230896
2026-09-07T02:28:28.541000Z,-5.858826160430908,4.754538536071777,6.2871413230896
2026-09-07T02:28:28.542000Z,-5.858826160430908,4.754538536071777,6.2871413230896
2026-09-07T02:28:29.541000Z,-6.019145488739014,4.886143684387207,6.157928943634033
2026-09-07T02:28:29.542000Z,-6.019145488739014,4.886143684387207,6.157928943634033
2026-09-07T02:28:29.543000Z,-6.019145488739014,4.886143684387207,6.157928943634033
2026-09-07T02:28:30.543000Z,-4.5475592613220215,5.831308841705322,6.013163089752197
2026-09-07T02:28:30.544000Z,-4.5475592613220215,5.831308841705322,6.013163089752197
2026-09-07T02:28:30.545000Z,-4.5475592613220215,5.831308841705322,6.013163089752197
2026-09-07T02:28:31.543000Z,-5.085944652557373,5.475974559783936,5.944967746734619
2026-09-07T02:28:31.544000Z,-5.085944652557373,5.475974559783936,5.944967746734619
2026-09-07T02:28:31.545000Z,-5.085944652557373,5.475974559783936,5.944967746734619
2026-09-07T02:28:32.545000Z,-1.098305583000183,-5.544169902801514,8.892925262451172
2026-09-07T02:28:32.546000Z,-1.098305583000183,-5.544169902801514,8.892925262451172
2026-09-07T02:28:33.546000Z,1.544566988945007,8.811569213867188,-5.696114540100098
2026-09-07T02:28:33.547000Z,1.544566988945007,8.811569213867188,-5.696114540100098
2026-09-07T02:28:33.548000Z,1.544566988945007,8.811569213867188,-5.696114540100098
2026-09-07T02:28:34.548000Z,0.8027920126914978,9.1657075881958,-3.321237802505493
2026-09-07T02:28:34.549000Z,0.8027920126914978,9.1657075881958,-3.321237802505493
2026-09-07T02:28:34.550000Z,0.8027920126914978,9.1657075881958,-3.321237802505493
2026-09-07T02:28:35.549000Z,0.6317051649093628,9.227920532226562,-3.126222848892212
2026-09-07T02:28:35.550000Z,0.6317051649093628,9.227920532226562,-3.126222848892212
2026-09-07T02:28:35.551000Z,0.6317051649093628,9.227920532226562,-3.126222848892212
2026-09-07T02:28:36.550000Z,-0.24287149310112,9.475577354431152,-2.750549554824829
2026-09-07T02:28:36.551000Z,-0.24287149310112,9.475577354431152,-2.750549554824829
2026-09-07T02:28:36.552000Z,-0.24287149310112,9.475577354431152,-2.750549554824829
2026-09-07T02:28:37.554000Z,-3.5066816806793213,8.794819831848145,-2.9383862018585205
2026-09-07T02:28:37.555000Z,-3.5066816806793213,8.794819831848145,-2.9383862018585205
2026-09-07T02:28:37.556000Z,-3.5066816806793213,8.794819831848145,-2.9383862018585205
2026-09-07T02:28:38.553000Z,-4.295116424560547,8.048258781433105,-3.702893018722534
2026-09-07T02:28:38.554000Z,-4.295116424560547,8.048258781433105,-3.702893018722534
2026-09-07T02:28:39.556000Z,-4.686343193054199,7.806583881378174,-3.762713670730591
2026-09-07T02:28:39.557000Z,-4.686343193054199,7.806583881378174,-3.762713670730591
2026-09-07T02:28:39.558000Z,-4.686343193054199,7.806583881378174,-3.762713670730591
2026-09-07T02:28:40.556000Z,-4.023531436920166,8.86062240600586,-0.9547362327575684
2026-09-07T02:28:40.557000Z,-4.023531436920166,8.86062240600586,-0.9547362327575684
2026-09-07T02:28:40.558000Z,-4.023531436920166,8.86062240600586,-0.9547362327575684
2026-09-07T02:28:41.559000Z,1.0325030088424685,5.7547383308410645,7.265805721282959
2026-09-07T02:28:41.560000Z,1.0325030088424685,5.7547383308410645,7.265805721282959
2026-09-07T02:28:42.557000Z,0.5335994362831116,6.320641040802002,7.392625331878662
2026-09-07T02:28:42.558000Z,0.5335994362831116,6.320641040802002,7.392625331878662
2026-09-07T02:28:42.559000Z,0.5335994362831116,6.320641040802002,7.392625331878662
2026-09-07T02:28:43.559000Z,1.6785650253295898,4.9639105796813965,8.419146537780762
2026-09-07T02:28:43.560000Z,1.6785650253295898,4.9639105796813965,8.419146537780762
2026-09-07T02:28:43.561000Z,1.6785650253295898,4.9639105796813965,8.419146537780762
2026-09-07T02:28:44.560000Z,1.3627125024795532,4.7796630859375,8.517251968383789
2026-09-07T02:28:44.561000Z,1.3627125024795532,4.7796630859375,8.517251968383789
2026-09-07T02:28:45.583000Z,1.3543375730514526,5.029713153839111,8.391629219055176
2026-09-07T02:28:45.584000Z,1.3543375730514526,5.029713153839111,8.391629219055176
2026-09-07T02:28:45.585000Z,1.3543375730514526,5.029713153839111,8.391629219055176
2026-09-07T02:28:46.581000Z,1.5960127115249634,5.698507308959961,7.722835063934326
2026-09-07T02:28:46.582000Z,1.5960127115249634,5.698507308959961,7.722835063934326
2026-09-07T02:28:47.586000Z,-0.4893322288990021,7.1234331130981445,7.113861560821533
2026-09-07T02:28:47.587000Z,-0.4893322288990021,7.1234331130981445,7.113861560821533
2026-09-07T02:28:48.616000Z,-0.550349235534668,7.176074981689453,6.850651264190674
2026-09-07T02:28:48.617000Z,-0.550349235534668,7.176074981689453,6.850651264190674
2026-09-07T02:28:48.618000Z,-0.550349235534668,7.176074981689453,6.850651264190674
2026-09-07T02:28:49.583000Z,-0.1124626621603965,6.920042991638184,6.977470874786377
2026-09-07T02:28:49.584000Z,-0.1124626621603965,6.920042991638184,6.977470874786377
2026-09-07T02:28:50.583000Z,0.5934200286865234,6.521637916564941,7.463213920593262
2026-09-07T02:28:50.584000Z,0.5934200286865234,6.521637916564941,7.463213920593262
2026-09-07T02:28:50.585000Z,0.5934200286865234,6.521637916564941,7.463213920593262
2026-09-07T02:28:51.655000Z,0.7202396392822266,6.435496330261231,7.556533813476562
2026-09-07T02:28:51.656000Z,0.7202396392822266,6.435496330261231,7.556533813476562
2026-09-07T02:28:52.652000Z,1.1569297313690186,6.191428661346436,7.447660446166992
2026-09-07T02:28:52.653000Z,1.1569297313690186,6.191428661346436,7.447660446166992
2026-09-07T02:28:53.696000Z,1.2885349988937378,5.997610092163086,7.932207107543945
2026-09-07T02:28:53.697000Z,1.2885349988937378,5.997610092163086,7.932207107543945
2026-09-07T02:28:53.698000Z,1.2885349988937378,5.997610092163086,7.932207107543945
2026-09-07T02:28:54.704000Z,1.1330015659332275,5.976074695587158,7.861618995666504
2026-09-07T02:28:54.705000Z,1.1330015659332275,5.976074695587158,7.861618995666504
2026-09-07T02:28:54.706000Z,1.1330015659332275,5.976074695587158,7.861618995666504
2026-09-07T02:28:55.705000Z,0.4558327198028564,5.952146530151367,7.962117195129394
2026-09-07T02:28:55.706000Z,0.4558327198028564,5.952146530151367,7.962117195129394
2026-09-07T02:28:55.707000Z,0.4558327198028564,5.952146530151367,7.962117195129394
2026-09-07T02:28:56.706000Z,-0.6508477330207825,6.849454879760742,7.066005229949951
2026-09-07T02:28:56.707000Z,-0.6508477330207825,6.849454879760742,7.066005229949951
2026-09-07T02:28:56.708000Z,-0.6508477330207825,6.849454879760742,7.066005229949951
2026-09-07T02:28:57.722000Z,0.6137589812278748,6.190232276916504,7.433303356170654
2026-09-07T02:28:57.723000Z,0.6137589812278748,6.190232276916504,7.433303356170654
2026-09-07T02:28:58.718000Z,1.2035897970199585,5.791827201843262,7.743174076080322
2026-09-07T02:28:58.719000Z,1.2035897970199585,5.791827201843262,7.743174076080322
2026-09-07T02:28:58.720000Z,1.2035897970199585,5.791827201843262,7.743174076080322
2026-09-07T02:28:59.733000Z,-1.124626636505127,7.2059855461120605,6.580262184143066
2026-09-07T02:28:59.734000Z,-1.124626636505127,7.2059855461120605,6.580262184143066
2026-09-07T02:29:00.729000Z,1.7850457429885864,4.76530647277832,8.687142372131348
2026-09-07T02:29:00.730000Z,1.7850457429885864,4.76530647277832,8.687142372131348
2026-09-07T02:29:01.730000Z,0.2943171858787536,6.007181167602539,7.798209190368652
2026-09-07T02:29:01.731000Z,0.2943171858787536,6.007181167602539,7.798209190368652
2026-09-07T02:29:01.732000Z,0.2943171858787536,6.007181167602539,7.798209190368652
2026-09-07T02:29:02.731000Z,0.0765703245997428,6.3014984130859375,7.590033531188965
2026-09-07T02:29:02.734000Z,0.0765703245997428,6.3014984130859375,7.590033531188965
2026-09-07T02:29:02.737000Z,0.0765703245997428,6.3014984130859375,7.590033531188965
2026-09-07T02:29:03.733000Z,0.2943171858787536,6.014359951019287,7.775477409362793
2026-09-07T02:29:03.735000Z,0.2943171858787536,6.014359951019287,7.775477409362793
2026-09-07T02:29:03.736000Z,0.2943171858787536,6.014359951019287,7.775477409362793
2026-09-07T02:29:04.733000Z,1.2562319040298462,5.735595703125,7.451249599456787
2026-09-07T02:29:04.734000Z,1.2562319040298462,5.735595703125,7.451249599456787
2026-09-07T02:29:04.735000Z,1.2562319040298462,5.735595703125,7.451249599456787
2026-09-07T02:29:05.749000Z,-0.3876372575759887,6.038288116455078,6.857829570770264
2026-09-07T02:29:05.750000Z,-0.3876372575759887,6.038288116455078,6.857829570770264
2026-09-07T02:29:05.756000Z,-0.3876372575759887,6.038288116455078,6.857829570770264
2026-09-07T02:29:06.737000Z,0.0598205663263797,5.742774486541748,7.956135272979736
2026-09-07T02:29:06.738000Z,0.0598205663263797,5.742774486541748,7.956135272979736
2026-09-07T02:29:06.740000Z,0.0598205663263797,5.742774486541748,7.956135272979736
2026-09-07T02:29:07.738000Z,-0.3290131092071533,5.855237007141113,7.917850017547607
2026-09-07T02:29:07.740000Z,-0.3290131092071533,5.855237007141113,7.917850017547607
2026-09-07T02:29:07.741000Z,-0.3290131092071533,5.855237007141113,7.917850017547607
2026-09-07T02:29:08.806000Z,0.4199403822422027,5.2390851974487305,8.166703224182129
2026-09-07T02:29:08.808000Z,0.4199403822422027,5.2390851974487305,8.166703224182129
2026-09-07T02:29:08.809000Z,0.4199403822422027,5.2390851974487305,8.166703224182129
2026-09-07T02:29:09.833000Z,1.2251251935958862,5.540580749511719,8.118846893310547
2026-09-07T02:29:09.836000Z,1.2251251935958862,5.540580749511719,8.118846893310547
2026-09-07T02:29:09.839000Z,1.2251251935958862,5.540580749511719,8.118846893310547
2026-09-07T02:29:10.878000Z,-0.7489534616470337,5.972485542297363,7.663014411926269
2026-09-07T02:29:10.879000Z,-0.7489534616470337,5.972485542297363,7.663014411926269
2026-09-07T02:29:10.880000Z,-0.7489534616470337,5.972485542297363,7.663014411926269
2026-09-07T02:29:11.860000Z,0.8147560954093933,5.136193752288818,8.172685623168945
2026-09-07T02:29:11.861000Z,0.8147560954093933,5.136193752288818,8.172685623168945
2026-09-07T02:29:11.863000Z,0.8147560954093933,5.136193752288818,8.172685623168945
2026-09-07T02:29:12.887000Z,1.0097711086273191,5.034498691558838,8.309076309204102
2026-09-07T02:29:12.889000Z,1.0097711086273191,5.034498691558838,8.309076309204102
2026-09-07T02:29:12.891000Z,1.0097711086273191,5.034498691558838,8.309076309204102
2026-09-07T02:29:13.888000Z,0.9332008361816406,5.034498691558838,8.403593063354492
2026-09-07T02:29:13.890000Z,0.9332008361816406,5.034498691558838,8.403593063354492
2026-09-07T02:29:13.892000Z,0.9332008361816406,5.034498691558838,8.403593063354492
2026-09-07T02:29:14.890000Z,1.2083754539489746,5.089533805847168,8.281558990478516
2026-09-07T02:29:14.892000Z,1.2083754539489746,5.089533805847168,8.281558990478516
2026-09-07T02:29:14.894000Z,1.2083754539489746,5.089533805847168,8.281558990478516
2026-09-07T02:29:15.891000Z,1.1808580160140991,5.200799942016602,7.88076114654541
2026-09-07T02:29:15.893000Z,1.1808580160140991,5.200799942016602,7.88076114654541
2026-09-07T02:29:16.909000Z,-0.6951149702072144,6.173482418060303,7.34476900100708
2026-09-07T02:29:16.911000Z,-0.6951149702072144,6.173482418060303,7.34476900100708
2026-09-07T02:29:16.912000Z,-0.6951149702072144,6.173482418060303,7.34476900100708
2026-09-07T02:29:17.909000Z,0.065802626311779,5.861218929290772,7.926225185394287
2026-09-07T02:29:17.910000Z,0.065802626311779,5.861218929290772,7.926225185394287
2026-09-07T02:29:17.912000Z,0.065802626311779,5.861218929290772,7.926225185394287
2026-09-07T02:29:18.912000Z,0.1208375468850135,5.545366287231445,8.179863929748535
2026-09-07T02:29:18.913000Z,0.1208375468850135,5.545366287231445,8.179863929748535
2026-09-07T02:29:18.915000Z,0.1208375468850135,5.545366287231445,8.179863929748535
2026-09-07T02:29:19.913000Z,-1.0683952569961548,-7.58644437789917,12.546765327453612
2026-09-07T02:29:19.915000Z,-1.0683952569961548,-7.58644437789917,12.546765327453612
2026-09-07T02:29:19.916000Z,-1.0683952569961548,-7.58644437789917,12.546765327453612
2026-09-07T02:29:20.950000Z,-6.775277137756348,3.6394832134246826,1.4416756629943848
2026-09-07T02:29:20.953000Z,-6.775277137756348,3.6394832134246826,1.4416756629943848
2026-09-07T02:29:20.955000Z,-6.775277137756348,3.6394832134246826,1.4416756629943848
2026-09-07T02:29:21.953000Z,-4.267599105834961,-5.718846321105957,7.389036178588867
2026-09-07T02:29:21.956000Z,-4.267599105834961,-5.718846321105957,7.389036178588867
2026-09-07T02:29:21.959000Z,-4.267599105834961,-5.718846321105957,7.389036178588867
2026-09-07T02:29:22.950000Z,-0.5982056856155396,8.548358917236328,1.5589239597320557
2026-09-07T02:29:22.952000Z,-0.5982056856155396,8.548358917236328,1.5589239597320557
2026-09-07T02:29:22.954000Z,-0.5982056856155396,8.548358917236328,1.5589239597320557
2026-09-07T02:29:23.956000Z,-3.585644721984864,6.223731517791748,5.441278457641602
2026-09-07T02:29:23.958000Z,-3.585644721984864,6.223731517791748,5.441278457641602
2026-09-07T02:29:23.961000Z,-3.585644721984864,6.223731517791748,5.441278457641602
2026-09-07T02:29:24.953000Z,-0.5850451588630676,5.93061113357544,7.9250288009643555
2026-09-07T02:29:24.954000Z,-0.5850451588630676,5.93061113357544,7.9250288009643555
2026-09-07T02:29:24.956000Z,-0.5850451588630676,5.93061113357544,7.9250288009643555
2026-09-07T02:29:25.956000Z,-1.6917256116867063,6.709474563598633,7.0995049476623535
2026-09-07T02:29:25.957000Z,-1.6917256116867063,6.709474563598633,7.0995049476623535
2026-09-07T02:29:25.958000Z,-1.6917256116867063,6.709474563598633,7.0995049476623535
2026-09-07T02:29:26.958000Z,-1.9932212829589844,6.774080753326416,6.888936519622803
2026-09-07T02:29:26.959000Z,-1.9932212829589844,6.774080753326416,6.888936519622803
2026-09-07T02:29:26.960000Z,-1.9932212829589844,6.774080753326416,6.888936519622803
2026-09-07T02:29:27.966000Z,-1.109073281288147,5.706881999969482,8.090133666992188
2026-09-07T02:29:27.968000Z,-1.109073281288147,5.706881999969482,8.090133666992188
2026-09-07T02:29:27.970000Z,-1.109073281288147,5.706881999969482,8.090133666992188
2026-09-07T02:29:28.967000Z,-0.2129612118005752,-8.154739379882812,8.202595710754395
2026-09-07T02:29:28.970000Z,-0.2129612118005752,-8.154739379882812,8.202595710754395
2026-09-07T02:29:28.972000Z,-0.2129612118005752,-8.154739379882812,8.202595710754395
2026-09-07T02:29:29.968000Z,-0.6879364848136902,5.1768717765808105,-3.3068809509277344
2026-09-07T02:29:29.969000Z,-0.6879364848136902,5.1768717765808105,-3.3068809509277344
2026-09-07T02:29:29.970000Z,-0.6879364848136902,5.1768717765808105,-3.3068809509277344
2026-09-07T02:29:30.970000Z,2.3401806354522705,-2.6608188152313232,11.584851264953612
2026-09-07T02:29:30.971000Z,2.3401806354522705,-2.6608188152313232,11.584851264953612
2026-09-07T02:29:31.970000Z,-10.721041679382324,-7.003791809082031,10.054640769958496
2026-09-07T02:29:31.971000Z,-10.721041679382324,-7.003791809082031,10.054640769958496
2026-09-07T02:29:31.972000Z,-10.721041679382324,-7.003791809082031,10.054640769958496
2026-09-07T02:29:32.972000Z,-9.42891788482666,-1.0348957777023315,-2.3330020904541016
2026-09-07T02:29:32.977000Z,-9.42891788482666,-1.0348957777023315,-2.3330020904541016
2026-09-07T02:29:32.979000Z,-9.42891788482666,-1.0348957777023315,-2.3330020904541016
2026-09-07T02:29:33.973000Z,-8.350951194763184,-4.584648132324219,-12.129218101501465
2026-09-07T02:29:33.974000Z,-8.350951194763184,-4.584648132324219,-12.129218101501465
2026-09-07T02:29:33.975000Z,-8.350951194763184,-4.584648132324219,-12.129218101501465
2026-09-07T02:29:34.974000Z,4.786841869354248,3.4205398559570312,1.0097711086273191
2026-09-07T02:29:34.975000Z,4.786841869354248,3.4205398559570312,1.0097711086273191
2026-09-07T02:29:34.976000Z,4.786841869354248,3.4205398559570312,1.0097711086273191
2026-09-07T02:29:35.975000Z,4.786841869354248,3.4205398559570312,1.0097711086273191
2026-09-07T02:29:35.976000Z,4.786841869354248,3.4205398559570312,1.0097711086273191
2026-09-07T02:29:35.977000Z,4.786841869354248,3.4205398559570312,1.0097711086273191
2026-09-07T02:29:36.977000Z,-5.907878875732422,0.5563312768936157,-14.135600090026855
2026-09-07T02:29:36.978000Z,-5.907878875732422,0.5563312768936157,-14.135600090026855
2026-09-07T02:29:37.985000Z,5.312066078186035,7.368697166442871,-2.2683959007263184
2026-09-07T02:29:37.986000Z,5.312066078186035,7.368697166442871,-2.2683959007263184
2026-09-07T02:29:37.987000Z,5.312066078186035,7.368697166442871,-2.2683959007263184
2026-09-07T02:29:38.987000Z,-6.841079711914063,4.212564468383789,2.5328028202056885
2026-09-07T02:29:38.988000Z,-6.841079711914063,4.212564468383789,2.5328028202056885
2026-09-07T02:29:38.989000Z,-6.841079711914063,4.212564468383789,2.5328028202056885
2026-09-07T02:29:39.989000Z,3.891926050186157,8.395217895507812,-3.2745778560638428
2026-09-07T02:29:39.990000Z,3.891926050186157,8.395217895507812,-3.2745778560638428
2026-09-07T02:29:40.990000Z,3.786641836166382,8.361719131469727,-3.0795626640319824
2026-09-07T02:29:40.991000Z,3.786641836166382,8.361719131469727,-3.0795626640319824
2026-09-07T02:29:40.992000Z,3.786641836166382,8.361719131469727,-3.0795626640319824
2026-09-07T02:29:41.991000Z,-1.4895321130752563,-2.0685951709747314,10.587043762207031
2026-09-07T02:29:41.992000Z,-1.4895321130752563,-2.0685951709747314,10.587043762207031
2026-09-07T02:29:41.993000Z,-1.4895321130752563,-2.0685951709747314,10.587043762207031
2026-09-07T02:29:42.993000Z,-1.5182459354400637,-1.323230862617493,9.337990760803224
2026-09-07T02:29:42.994000Z,-1.5182459354400637,-1.323230862617493,9.337990760803224
2026-09-07T02:29:43.994000Z,-1.5984054803848269,-1.5708880424499512,9.644271850585938
2026-09-07T02:29:43.995000Z,-1.5984054803848269,-1.5708880424499512,9.644271850585938
2026-09-07T02:29:43.996000Z,-1.5984054803848269,-1.5708880424499512,9.644271850585938
2026-09-07T02:29:44.995000Z,3.016152858734131,8.598608016967773,-4.36091947555542
2026-09-07T02:29:44.996000Z,3.016152858734131,8.598608016967773,-4.36091947555542
2026-09-07T02:29:44.997000Z,3.016152858734131,8.598608016967773,-4.36091947555542
2026-09-07T02:29:45.997000Z,2.6967110633850098,9.066405296325684,-2.173879384994507
2026-09-07T02:29:45.998000Z,2.6967110633850098,9.066405296325684,-2.173879384994507
2026-09-07T02:29:46.998000Z,2.7146573066711426,9.135796546936035,-1.8065811395645144
2026-09-07T02:29:46.999000Z,2.7146573066711426,9.135796546936035,-1.8065811395645144
2026-09-07T02:29:47.999000Z,-3.3535408973693848,-4.847858905792236,14.383256912231444
2026-09-07T02:29:48Z,-3.3535408973693848,-4.847858905792236,14.383256912231444
2026-09-07T02:29:48.001000Z,-3.3535408973693848,-4.847858905792236,14.383256912231444
2026-09-07T02:29:49.002000Z,4.018745422363281,8.405985832214355,0.7417750358581543
2026-09-07T02:29:49.003000Z,4.018745422363281,8.405985832214355,0.7417750358581543
2026-09-07T02:29:50.004000Z,-1.2335001230239868,-1.5553346872329712,9.265008926391602
2026-09-07T02:29:50.005000Z,-1.2335001230239868,-1.5553346872329712,9.265008926391602
2026-09-07T02:29:50.006000Z,-1.2335001230239868,-1.5553346872329712,9.265008926391602
2026-09-07T02:29:51.003000Z,-1.3519448041915894,-1.8113667964935305,9.756733894348145
2026-09-07T02:29:51.004000Z,-1.3519448041915894,-1.8113667964935305,9.756733894348145
2026-09-07T02:29:51.005000Z,-1.3519448041915894,-1.8113667964935305,9.756733894348145
2026-09-07T02:29:52.005000Z,-1.324427366256714,-1.841277003288269,9.680164337158203
2026-09-07T02:29:52.006000Z,-1.324427366256714,-1.841277003288269,9.680164337158203
2026-09-07T02:29:53.005000Z,-1.4117653369903564,-1.8987047672271729,9.57487964630127
2026-09-07T02:29:53.007000Z,-1.4117653369903564,-1.8987047672271729,9.57487964630127
2026-09-07T02:29:54.007000Z,-1.0815558433532717,-2.0853450298309326,9.899106979370115
2026-09-07T02:29:54.008000Z,-1.0815558433532717,-2.0853450298309326,9.899106979370115
2026-09-07T02:29:55.009000Z,-1.444068431854248,-1.9453648328781128,9.650253295898438
2026-09-07T02:29:55.010000Z,-1.444068431854248,-1.9453648328781128,9.650253295898438
2026-09-07T02:29:56.010000Z,-1.633101463317871,-2.139183521270752,9.477970123291016
2026-09-07T02:29:56.011000Z,-1.633101463317871,-2.139183521270752,9.477970123291016
2026-09-07T02:29:56.012000Z,-1.633101463317871,-2.139183521270752,9.477970123291016
2026-09-07T02:29:57.011000Z,-1.7515461444854736,-2.489732027053833,14.054244041442873
2026-09-07T02:29:57.012000Z,-1.7515461444854736,-2.489732027053833,14.054244041442873
2026-09-07T02:29:57.013000Z,-1.7515461444854736,-2.489732027053833,14.054244041442873
2026-09-07T02:29:58.013000Z,1.8137595653533936,9.081958770751951,-3.20279312133789
2026-09-07T02:29:58.014000Z,1.8137595653533936,9.081958770751951,-3.20279312133789
2026-09-07T02:29:59.014000Z,1.588834285736084,8.498109817504883,-4.126422882080078
2026-09-07T02:29:59.015000Z,1.588834285736084,8.498109817504883,-4.126422882080078
2026-09-07T02:29:59.016000Z,1.588834285736084,8.498109817504883,-4.126422882080078
2026-09-07T02:30:00.015000Z,-2.951546669006348,-2.465803623199463,7.825726509094238
2026-09-07T02:30:00.016000Z,-2.951546669006348,-2.465803623199463,7.825726509094238
2026-09-07T02:30:00.017000Z,-2.951546669006348,-2.465803623199463,7.825726509094238
2026-09-07T02:30:01.017000Z,-5.607579708099365,0.9858429431915284,8.147561073303223
2026-09-07T02:30:01.018000Z,-5.607579708099365,0.9858429431915284,8.147561073303223
2026-09-07T02:30:02.018000Z,-3.9086756706237793,1.582852125167847,9.006584167480469
2026-09-07T02:30:02.019000Z,-3.9086756706237793,1.582852125167847,9.006584167480469
2026-09-07T02:30:02.020000Z,-3.9086756706237793,1.582852125167847,9.006584167480469
2026-09-07T02:30:03.019000Z,-5.657829284667969,-1.680957913398743,10.622936248779297
2026-09-07T02:30:03.020000Z,-5.657829284667969,-1.680957913398743,10.622936248779297
2026-09-07T02:30:04.023000Z,1.6534404754638672,3.829712629318237,9.229117393493652
2026-09-07T02:30:04.024000Z,1.6534404754638672,3.829712629318237,9.229117393493652
2026-09-07T02:30:05.021000Z,5.940182209014893,5.467599868774414,1.9441684484481807
2026-09-07T02:30:05.022000Z,5.940182209014893,5.467599868774414,1.9441684484481807
2026-09-07T02:30:05.023000Z,5.940182209014893,5.467599868774414,1.9441684484481807
2026-09-07T02:30:06.022000Z,-0.6963114142417908,1.22033953666687,9.912267684936523
2026-09-07T02:30:06.023000Z,-0.6963114142417908,1.22033953666687,9.912267684936523
2026-09-07T02:30:07.024000Z,-10.146764755249023,5.1182475090026855,1.9896320104599
2026-09-07T02:30:07.025000Z,-10.146764755249023,5.1182475090026855,1.9896320104599
2026-09-07T02:30:08.026000Z,-6.770491600036621,6.473781585693359,2.0542383193969727
2026-09-07T02:30:08.027000Z,-6.770491600036621,6.473781585693359,2.0542383193969727
2026-09-07T02:30:08.028000Z,-6.770491600036621,6.473781585693359,2.0542383193969727
2026-09-07T02:30:09.026000Z,-8.0350980758667,8.041080474853516,0.4821537733078003
2026-09-07T02:30:09.028000Z,-8.0350980758667,8.041080474853516,0.4821537733078003
2026-09-07T02:30:10.028000Z,-11.36351490020752,6.831508636474609,3.006581544876098
2026-09-07T02:30:10.029000Z,-11.36351490020752,6.831508636474609,3.006581544876098
2026-09-07T02:30:11.030000Z,-6.215356826782227,5.861218929290772,7.5637125968933105
2026-09-07T02:30:11.031000Z,-6.215356826782227,5.861218929290772,7.5637125968933105
2026-09-07T02:30:11.032000Z,-6.215356826782227,5.861218929290772,7.5637125968933105
2026-09-07T02:30:12.030000Z,-2.043470621109009,-2.496910333633423,12.20339584350586
2026-09-07T02:30:12.031000Z,-2.043470621109009,-2.496910333633423,12.20339584350586
2026-09-07T02:30:12.032000Z,-2.043470621109009,-2.496910333633423,12.20339584350586
2026-09-07T02:30:13.031000Z,-0.7022934556007385,-0.8243274092674255,10.115657806396484
2026-09-07T02:30:13.032000Z,-0.7022934556007385,-0.8243274092674255,10.115657806396484
2026-09-07T02:30:14.032000Z,-2.2025933265686035,-2.7457640171051025,9.223134994506836
2026-09-07T02:30:14.033000Z,-2.2025933265686035,-2.7457640171051025,9.223134994506836
2026-09-07T02:30:14.034000Z,-2.2025933265686035,-2.7457640171051025,9.223134994506836
2026-09-07T02:30:15.034000Z,-2.17627215385437,-2.629712104797364,9.28893756866455
2026-09-07T02:30:15.035000Z,-2.17627215385437,-2.629712104797364,9.28893756866455
2026-09-07T02:30:15.036000Z,-2.17627215385437,-2.629712104797364,9.28893756866455
2026-09-07T02:30:16.035000Z,-2.221735715866089,-2.641676187515259,9.306883811950684
2026-09-07T02:30:16.036000Z,-2.221735715866089,-2.641676187515259,9.306883811950684
2026-09-07T02:30:16.037000Z,-2.221735715866089,-2.641676187515259,9.306883811950684
2026-09-07T02:30:17.036000Z,-2.140379905700684,-2.629712104797364,9.35832977294922
2026-09-07T02:30:17.037000Z,-2.140379905700684,-2.629712104797364,9.35832977294922
2026-09-07T02:30:17.038000Z,-2.140379905700684,-2.629712104797364,9.35832977294922
2026-09-07T02:30:18.041000Z,-2.630908489227295,-4.018745422363281,7.944170951843262
2026-09-07T02:30:18.042000Z,-2.630908489227295,-4.018745422363281,7.944170951843262
2026-09-07T02:30:18.043000Z,-2.630908489227295,-4.018745422363281,7.944170951843262
2026-09-07T02:30:19.039000Z,3.160918712615967,8.973084449768066,1.1569297313690186
2026-09-07T02:30:19.040000Z,3.160918712615967,8.973084449768066,1.1569297313690186
2026-09-07T02:30:19.041000Z,3.160918712615967,8.973084449768066,1.1569297313690186
2026-09-07T02:30:20.040000Z,2.885744094848633,9.151350021362305,1.628315806388855
2026-09-07T02:30:20.041000Z,2.885744094848633,9.151350021362305,1.628315806388855
2026-09-07T02:30:20.042000Z,2.885744094848633,9.151350021362305,1.628315806388855
2026-09-07T02:30:21.045000Z,2.874976396560669,9.103493690490724,2.214557409286499
2026-09-07T02:30:21.046000Z,2.874976396560669,9.103493690490724,2.214557409286499
2026-09-07T02:30:21.047000Z,2.874976396560669,9.103493690490724,2.214557409286499
2026-09-07T02:30:22.048000Z,2.7984061241149902,8.982656478881836,2.3090739250183105
2026-09-07T02:30:22.049000Z,2.7984061241149902,8.982656478881836,2.3090739250183105
2026-09-07T02:30:23.049000Z,-1.9250258207321167,-0.9930213689804076,3.404986619949341
2026-09-07T02:30:23.050000Z,-1.9250258207321167,-0.9930213689804076,3.404986619949341
2026-09-07T02:30:23.051000Z,-1.9250258207321167,-0.9930213689804076,3.404986619949341
2026-09-07T02:30:24.046000Z,3.627519130706787,8.647661209106445,-2.4610180854797363
2026-09-07T02:30:24.047000Z,3.627519130706787,8.647661209106445,-2.4610180854797363
2026-09-07T02:30:25.047000Z,-3.641875982284546,-3.5784661769866943,7.117451190948486
2026-09-07T02:30:25.048000Z,-3.641875982284546,-3.5784661769866943,7.117451190948486
2026-09-07T02:30:25.049000Z,-3.641875982284546,-3.5784661769866943,7.117451190948486
2026-09-07T02:30:26.048000Z,-2.5902304649353027,-4.039084434509277,8.895318031311035
2026-09-07T02:30:26.049000Z,-2.5902304649353027,-4.039084434509277,8.895318031311035
2026-09-07T02:30:27.049000Z,3.650250911712648,9.168100357055664,-2.007578134536743
2026-09-07T02:30:27.050000Z,3.650250911712648,9.168100357055664,-2.007578134536743
2026-09-07T02:30:27.051000Z,3.650250911712648,9.168100357055664,-2.007578134536743
2026-09-07T02:30:28.054000Z,2.598605394363404,9.089137077331545,-2.623729944229126
2026-09-07T02:30:28.055000Z,2.598605394363404,9.089137077331545,-2.623729944229126
2026-09-07T02:30:28.056000Z,2.598605394363404,9.089137077331545,-2.623729944229126
2026-09-07T02:30:29.051000Z,2.475374937057495,9.061619758605955,-2.523231506347656
2026-09-07T02:30:29.052000Z,2.475374937057495,9.061619758605955,-2.523231506347656
2026-09-07T02:30:29.053000Z,2.475374937057495,9.061619758605955,-2.523231506347656
2026-09-07T02:30:30.052000Z,2.7349963188171387,8.71346378326416,-2.991028308868408
2026-09-07T02:30:30.053000Z,2.7349963188171387,8.71346378326416,-2.991028308868408
2026-09-07T02:30:30.054000Z,2.7349963188171387,8.71346378326416,-2.991028308868408
2026-09-07T02:30:31.054000Z,-1.832902193069458,5.087141036987305,8.913264274597168
2026-09-07T02:30:31.055000Z,-1.832902193069458,5.087141036987305,8.913264274597168
2026-09-07T02:30:31.056000Z,-1.832902193069458,5.087141036987305,8.913264274597168
2026-09-07T02:30:32.057000Z,-0.7369893789291382,6.646064758300781,7.204789161682129
2026-09-07T02:30:32.058000Z,-0.7369893789291382,6.646064758300781,7.204789161682129
2026-09-07T02:30:33.056000Z,-0.6795616149902344,6.370890140533447,7.383054256439209
2026-09-07T02:30:33.057000Z,-0.6795616149902344,6.370890140533447,7.383054256439209
2026-09-07T02:30:33.058000Z,-0.6795616149902344,6.370890140533447,7.383054256439209
2026-09-07T02:30:34.058000Z,-1.031306505203247,6.38883638381958,7.408178806304932
2026-09-07T02:30:34.059000Z,-1.031306505203247,6.38883638381958,7.408178806304932
2026-09-07T02:30:34.060000Z,-1.031306505203247,6.38883638381958,7.408178806304932
2026-09-07T02:30:35.059000Z,-1.0133603811264038,6.285944938659668,7.463213920593262
2026-09-07T02:30:35.060000Z,-1.0133603811264038,6.285944938659668,7.463213920593262
2026-09-07T02:30:35.061000Z,-1.0133603811264038,6.285944938659668,7.463213920593262
2026-09-07T02:30:36.060000Z,-1.7228323221206665,6.260820388793945,7.69531774520874
2026-09-07T02:30:36.061000Z,-1.7228323221206665,6.260820388793945,7.69531774520874
2026-09-07T02:30:36.062000Z,-1.7228323221206665,6.260820388793945,7.69531774520874
2026-09-07T02:30:37.061000Z,1.7635103464126587,1.6223337650299072,9.663414001464844
2026-09-07T02:30:37.062000Z,1.7635103464126587,1.6223337650299072,9.663414001464844
2026-09-07T02:30:38.062000Z,-1.745564103126526,4.900500774383545,7.901100158691406
2026-09-07T02:30:38.063000Z,-1.745564103126526,4.900500774383545,7.901100158691406
2026-09-07T02:30:38.069000Z,-1.745564103126526,4.900500774383545,7.901100158691406
2026-09-07T02:30:39.064000Z,-1.8747764825820925,4.697110652923584,8.482556343078613
2026-09-07T02:30:39.065000Z,-1.8747764825820925,4.697110652923584,8.482556343078613
2026-09-07T02:30:40.065000Z,-1.6319050788879397,4.342973232269287,8.809176445007324
2026-09-07T02:30:40.066000Z,-1.6319050788879397,4.342973232269287,8.809176445007324
2026-09-07T02:30:41.067000Z,-2.124826431274414,-5.879165172576904,8.531609535217285
2026-09-07T02:30:41.068000Z,-2.124826431274414,-5.879165172576904,8.531609535217285
2026-09-07T02:30:41.069000Z,-2.124826431274414,-5.879165172576904,8.531609535217285
2026-09-07T02:30:42.068000Z,2.7804598808288574,8.428717613220215,0.6376872062683105
2026-09-07T02:30:42.069000Z,2.7804598808288574,8.428717613220215,0.6376872062683105
2026-09-07T02:30:43.069000Z,-10.56072235107422,4.898108005523682,3.6430723667144775
2026-09-07T02:30:43.070000Z,-10.56072235107422,4.898108005523682,3.6430723667144775
2026-09-07T02:30:43.071000Z,-10.56072235107422,4.898108005523682,3.6430723667144775
2026-09-07T02:30:44.070000Z,0.114855483174324,4.898108005523682,2.8666014671325684
2026-09-07T02:30:44.071000Z,0.114855483174324,4.898108005523682,2.8666014671325684
